Москва,,,.113.232.1.,2020-02-27 00:57:33,1
,,,.113.232.1.,2020-02-27 00:57:33,2
Челябинск,,,.113.223.1384.104.,2020-02-27 00:57:34,3
Самара,,,.113.226.1586.78.,2020-02-27 00:57:39,4
Екатеринбург,,,.113.223.1261.3.,2020-02-27 00:57:40,5
Ижевск,,,.113.227.1646.96.,2020-02-27 00:57:46,6
Ярославль,,,.113.229.1806.112.,2020-02-27 00:57:50,7
Старая Деревня,,,.113.231.2.,2020-02-27 00:57:51,8
Дубровка,,,.113.232.1.,2020-02-27 00:57:54,9
Красноярск,,,.113.221.1146.54.,2020-02-27 00:58:06,10
Санкт-Петербург,,,.113.231.2.,2020-02-27 00:58:17,11
Сургут,,,.113.223.1368.1381.,2020-02-27 00:58:17,12
Пермь,,,.113.223.1317.72.,2020-02-27 00:58:22,13
Московские ворота,,,.113.231.2.,2020-02-27 00:58:26,14
Всеволожск,,,.113.231.2.,2020-02-27 00:58:27,15
Омск,,,.113.222.1249.68.,2020-02-27 00:58:30,16
Уфа,,,.113.223.1347.99.,2020-02-27 00:58:31,17
Румянцево,,,.113.232.1.,2020-02-27 00:58:34,18
Владимир,,,.113.229.1716.23.,2020-02-27 00:58:43,19
Ломоносовская,,,.113.231.2.,2020-02-27 00:58:50,20
Брянск,,,.113.230.1828.19.,2020-02-27 00:58:51,21
Савеловская,,,.113.232.1.,2020-02-27 00:58:54,22
Барнаул,,,.113.222.1217.11.,2020-02-27 00:58:56,23
Томск,,,.113.222.1255.90.,2020-02-27 00:59:03,24
Астана,,,.40.159.,2020-02-27 00:59:09,25
Воронеж,,,.113.230.1844.26.,2020-02-27 00:59:12,26
Краснодар,,,.113.224.1438.53.,2020-02-27 00:59:13,27
Парк Победы,,,.113.232.1.,2020-02-27 00:59:18,28
поселок Большой Исток,,,.113.223.1261.4252.,2020-02-27 00:59:20,29
Симферополь,,,.113.225.2114.131.,2020-02-27 00:59:22,30
Новосибирск,,,.113.222.1202.4.,2020-02-27 00:59:26,31
Минск,,,.16.1002.,2020-02-27 00:59:28,32
Ставрополь,,,.113.224.1481.84.,2020-02-27 00:59:36,33
Новочеркасская,,,.113.231.2.,2020-02-27 00:59:37,34
Выставочная,,,.113.232.1.,2020-02-27 00:59:39,35
Сочи,,,.113.224.1438.2377.,2020-02-27 00:59:45,36
Вологда,,,.113.229.1739.25.,2020-02-27 00:59:57,37
Лаишево,,,.113.227.1624.1636.,2020-02-27 01:00:04,38
Севастополь,,,.113.225.2114.130.,2020-02-27 01:00:11,39
Звенигород,,,.113.232.2019.143.2050.,2020-02-27 01:00:11,40
Тверь,,,.113.229.1783.89.,2020-02-27 01:00:17,41
Дзержинск,,,.113.228.1679.247.,2020-02-27 01:00:19,42
Серпуховская,,,.113.232.1.,2020-02-27 01:00:35,43
Новый Уренгой,,,.113.223.1414.1419.,2020-02-27 01:00:37,44
Алматы,,,.40.160.,2020-02-27 01:01:02,45
Безымянка,,,.113.226.1586.78.,2020-02-27 01:01:11,46
Балашиха,,,.113.232.2019.144.2048.,2020-02-27 01:01:18,47
Ханты-Мансийск,,,.113.223.1368.147.,2020-02-27 01:01:23,48
Химки,,,.113.232.2019.141.2077.,2020-02-27 01:01:28,49
Саратов,,,.113.226.1596.79.,2020-02-27 01:01:35,50
Подольск,,,.113.232.2019.142.2061.,2020-02-27 01:01:45,51
посёлок Залесье,,,.113.223.1261.3.,2020-02-27 01:01:45,52
Нур-Султан (Астана),,,.40.159.,2020-02-27 01:01:57,53
Новороссийск,,,.113.224.1438.1454.,2020-02-27 01:01:59,54
Орёл,,,.113.230.1898.69.,2020-02-27 01:02:01,55
деревня Боровлево,,,.113.229.1783.89.,2020-02-27 01:02:06,56
Казань,,,.113.227.1624.88.,2020-02-27 01:02:10,57
Иркутск,,,.113.221.1124.35.,2020-02-27 01:02:10,58
село Прохладное,,,.113.220.1948.22.,2020-02-27 01:02:13,59
Звенигородская,,,.113.231.2.,2020-02-27 01:02:15,60
г Калуга,,,.113.230.1859.43.,2020-02-27 01:02:16,61
г Нижний Тагил,,,.113.223.1261.1291.,2020-02-27 01:02:21,62
Молодежная,,,.113.232.1.,2020-02-27 01:02:21,63
Ломоносовский проспект,,,.113.232.1.,2020-02-27 01:02:21,64
Миасс,,,.113.223.1384.1400.,2020-02-27 01:02:35,65
г. Краснодар,,,.113.224.1438.53.,2020-02-27 01:02:36,66
Рязань,,,.113.228.1704.77.,2020-02-27 01:02:37,67
Красногорск,,,.113.232.2019.143.2034.,2020-02-27 01:02:42,68
Курган,,,.113.223.1308.55.,2020-02-27 01:02:44,69
Ростов-на-Дону,,,.113.225.1530.76.,2020-02-27 01:02:44,70
Железногорск,,,.113.230.1880.1882.,2020-02-27 01:02:45,71
Нижний Новгород,,,.113.228.1679.66.,2020-02-27 01:03:03,72
Магадан,,,.113.220.1946.60.,2020-02-27 01:03:29,73
Донской,,,.113.230.1913.1919.,2020-02-27 01:03:30,74
Ломоносов,,,.113.231.2.,2020-02-27 01:03:33,75
Одинцовский район,,,.113.232.2019.143.2051.,2020-02-27 01:03:37,76
Серов,,,.113.223.1261.1301.,2020-02-27 01:03:42,77
Волгоград,,,.113.225.1511.24.,2020-02-27 01:03:54,78
Улан-Удэ,,,.113.221.1118.20.,2020-02-27 01:04:02,79
Иваново,,,.113.229.1754.32.,2020-02-27 01:04:03,80
Щёлково,,,.113.232.2019.144.2083.,2020-02-27 01:04:04,81
Новомосковск,,,.113.230.1913.1924.,2020-02-27 01:04:08,82
посёлок Парголово,,,.113.231.2.,2020-02-27 01:04:10,83
Киев,,,.5.2164.3078.,2020-02-27 01:04:13,84
Мытищи,,,.113.232.2019.141.2041.,2020-02-27 01:04:38,85
Ялта,,,.113.225.2114.2120.,2020-02-27 01:04:53,86
Тула,,,.113.230.1913.92.,2020-02-27 01:05:27,87
Уральск,,,.40.193.,2020-02-27 01:05:36,88
Новомосковский административный округ,,,.113.232.1.,2020-02-27 01:05:38,89
Братск,,,.113.221.1124.1130.,2020-02-27 01:06:04,90
Кострома,,,.113.229.1771.52.,2020-02-27 01:06:24,91
Калининград,,,.113.231.1020.41.,2020-02-27 01:06:35,92
Великий Новгород,,,.113.231.1051.67.,2020-02-27 01:06:40,93
посёлок городского типа Малаховка,,,.113.232.1.,2020-02-27 01:06:47,94
г.Алматы,,,.40.160.,2020-02-27 01:06:48,95
Юрьевец,,,.113.229.1754.1770.,2020-02-27 01:06:51,96
Зеленоград,,,.113.232.2019.141.2088.,2020-02-27 01:07:36,97
Алексеевская,,,.113.232.1.,2020-02-27 01:07:45,98
деревня Шелудьково,,,.113.232.2019.143.2021.,2020-02-27 01:07:50,99
Щелково,,,.113.232.2019.144.2083.,2020-02-27 01:07:54,100
Барановичи,,,.16.2233.2239.,2020-02-27 01:08:17,101
село Ямное,,,.113.230.1844.26.,2020-02-27 01:08:32,102
Электрозаводская,,,.113.232.1.,2020-02-27 01:08:40,103
Петропавловск-Камчатский,,,.113.220.1943.44.,2020-02-27 01:08:42,104
Римская,,,.113.232.2019.144.2020.,2020-02-27 01:08:43,105
село Бирюля,,,.113.222.1216.10.,2020-02-27 01:08:46,106
Норильск,,,.113.221.1146.246.,2020-02-27 01:08:47,107
деревня Лечищево,,,.113.232.2019.143.2028.,2020-02-27 01:09:00,108
Набережные Челны,,,.113.227.1624.1641.,2020-02-27 01:09:01,109
Можайск,,,.113.232.2019.143.2040.,2020-02-27 01:09:15,110
Кинешма,,,.113.229.1754.1758.,2020-02-27 01:09:19,111
Астрахань,,,.113.225.1505.15.,2020-02-27 01:09:23,112
Новогиреево,,,.113.232.1.,2020-02-27 01:09:34,113
деревня Локотки,,,.113.223.1347.99.,2020-02-27 01:09:38,114
ул.Павла Андреева,,,.113.232.1.,2020-02-27 01:09:48,115
Дворец спорта,,,.5.115.,2020-02-27 01:09:56,116
село Октябрьское,,,.113.223.1384.5801.,2020-02-27 01:09:58,117
село Поляны,,,.113.228.1704.77.,2020-02-27 01:10:00,118
Мурманск,,,.113.231.1061.64.,2020-02-27 01:10:46,119
аул Новая Адыгея,,,.113.224.1438.53.,2020-02-27 01:10:49,120
Киров,,,.113.228.1661.49.,2020-02-27 01:10:51,121
Площадь Ленина,,,.113.222.1202.4.,2020-02-27 01:11:00,122
г Москва,,,.113.232.1.,2020-02-27 01:11:01,123
Лесковка,,,.16.1002.,2020-02-27 01:11:07,124
поселок Агроном,,,.113.224.1438.2448.,2020-02-27 01:11:10,125
Южная,,,.113.232.1.,2020-02-27 01:11:14,126
Аннино,,,.113.232.1.,2020-02-27 01:11:15,127
Пионерская,,,.113.231.2.,2020-02-27 01:11:16,128
Лесопарковая,,,.113.232.1.,2020-02-27 01:11:16,129
Выборгская,,,.113.231.2.,2020-02-27 01:11:17,130
Московская,,,.113.231.2.,2020-02-27 01:11:17,131
г Ульяновск,,,.113.226.1614.1618.,2020-02-27 01:11:17,132
Кировск,,,.113.231.145.1998.,2020-02-27 01:11:29,133
Красное Село,,,.113.231.2.,2020-02-27 01:11:31,134
Белгород,,,.113.230.1817.17.,2020-02-27 01:12:03,135
Раменское,,,.113.232.2019.142.2065.,2020-02-27 01:12:06,136
город Алматы,,,.40.160.,2020-02-27 01:12:06,137
Бийск,,,.113.222.1217.1220.,2020-02-27 01:12:12,138
село Ворсино,,,.113.230.1859.301.,2020-02-27 01:12:12,139
Краснодар. Ул.Уральская.220,,,.113.224.1438.53.,2020-02-27 01:12:19,140
Павлодар,,,.40.181.,2020-02-27 01:12:23,141
Шоссе Энтузиастов,,,.113.232.1.,2020-02-27 01:12:39,142
Тюмень,,,.113.223.1342.95.,2020-02-27 01:12:49,143
Калуга,,,.113.230.1859.43.,2020-02-27 01:12:55,144
Обнинск,,,.113.230.1859.301.,2020-02-27 01:13:01,145
Окружная,,,.113.232.1.,2020-02-27 01:13:07,146
Кемерово,,,.113.222.1229.47.,2020-02-27 01:13:29,147
Гродно,,,.16.1006.,2020-02-27 01:14:02,148
Усть-Кут,,,.113.221.1124.1143.,2020-02-27 01:14:04,149
Липецк,,,.113.230.1890.58.,2020-02-27 01:14:07,150
деревня Мистолово,,,.113.231.2.,2020-02-27 01:14:16,151
Благовещенск,,,.113.220.1932.12.,2020-02-27 01:14:25,152
Геологическая,,,.113.223.1261.3.,2020-02-27 01:14:29,153
деревня Марьино,,,.113.232.1.,2020-02-27 01:14:30,154
Театральная,,,.113.232.1.,2020-02-27 01:14:35,155
Тольятти,,,.113.226.1586.212.,2020-02-27 01:14:46,156
Прокопьевск,,,.113.222.1229.1243.,2020-02-27 01:14:58,157
Колпино,,,.113.231.2.,2020-02-27 01:15:13,158
Боровичи,,,.113.231.1051.1052.,2020-02-27 01:15:13,159
Цнянка,,,.16.1002.,2020-02-27 01:15:34,160
Ногинск,,,.113.232.1.,2020-02-27 01:15:51,161
Красногорский район,,,.113.232.1.,2020-02-27 01:16:05,162
Череповец,,,.113.229.1739.1753.,2020-02-27 01:16:09,163
Якутск,,,.113.221.1174.80.,2020-02-27 01:16:17,164
Старый Оскол,,,.113.230.1817.1825.,2020-02-27 01:16:26,165
посёлок Берёзовый,,,.113.224.1438.53.,2020-02-27 01:16:27,166
Зябликово,,,.113.232.1.,2020-02-27 01:16:39,167
Магнитогорск,,,.113.223.1384.1399.,2020-02-27 01:16:54,168
Белорусская,,,.113.232.2019.141.2041.,2020-02-27 01:16:55,169
Нововоронеж,,,.113.231.1103.83.,2020-02-27 01:17:08,170
Улица 1905 года,,,.113.232.1.,2020-02-27 01:18:24,171
Удомля,,,.113.229.1783.1805.,2020-02-27 01:18:27,172
городской округ Домодедово,,,.113.232.1.,2020-02-27 01:18:51,173
Рыбное,,,.113.228.1704.77.,2020-02-27 01:19:22,174
деревня Покровское,,,.113.232.2019.143.2634.,2020-02-27 01:19:26,175
Багратионовская,,,.113.232.1.,2020-02-27 01:19:31,176
Ангарск,,,.113.221.1124.1126.,2020-02-27 01:19:43,177
Новокузнецк,,,.113.222.1229.1240.,2020-02-27 01:19:48,178
Приморская,,,.113.231.2.,2020-02-27 01:19:54,179
Анапа,,,.113.224.1438.3315.,2020-02-27 01:19:57,180
Пятигорск,,,.113.224.1481.1498.,2020-02-27 01:19:58,181
Ульяновск,,,.113.226.1614.98.,2020-02-27 01:20:30,182
деревня Хрепелка,,,.113.231.145.2002.,2020-02-27 01:20:33,183
Энгельс,,,.113.226.1596.1613.,2020-02-27 01:20:38,184
Владивосток,,,.113.220.1948.22.,2020-02-27 01:20:45,185
С-Пб. Коломяжский пр. д15 к. 2,,,.113.231.2.,2020-02-27 01:20:52,186
Чебоксары,,,.113.227.1652.107.,2020-02-27 01:21:02,187
Одинцово,,,.113.232.2019.143.2053.,2020-02-27 01:21:18,188
Достоевская,,,.113.231.2.,2020-02-27 01:21:19,189
Полоцк,,,.16.2234.2265.,2020-02-27 01:21:38,190
деревня Пирогово,,,.113.227.1646.96.,2020-02-27 01:21:50,191
поселок городского типа Онохой,,,.113.221.1118.4653.,2020-02-27 01:21:50,192
посёлок городского типа Горки Ленинские,,,.113.232.1.,2020-02-27 01:21:53,193
Парнас,,,.113.231.2.,2020-02-27 01:22:02,194
деревня Никольское,,,.113.232.2019.141.2023.,2020-02-27 01:22:38,195
Сертолово,,,.113.231.2.,2020-02-27 01:22:43,196
г Верещагино,,,.113.223.1317.1320.,2020-02-27 01:22:47,197
г Челябинск,,,.113.223.1384.104.,2020-02-27 01:22:48,198
г Саратов,,,.113.226.1596.79.,2020-02-27 01:22:49,199
Северодвинск,,,.113.231.1008.1017.,2020-02-27 01:23:08,200
Фрунзенская,,,.113.231.2.,2020-02-27 01:23:12,201
Борисовский тракт,,,.16.1007.,2020-02-27 01:23:44,202
Бердск,,,.113.222.1202.1204.,2020-02-27 01:24:42,203
ВДНХ,,,.113.232.1.,2020-02-27 01:24:44,204
Искитим,,,.113.222.1202.1206.,2020-02-27 01:24:47,205
Нижний Тагил,,,.113.223.1261.1291.,2020-02-27 01:24:54,206
Тамбов,,,.113.230.1905.87.,2020-02-27 01:25:02,207
Петроградская,,,.113.231.2.,2020-02-27 01:25:04,208
Лесной,,,.113.223.1261.1287.,2020-02-27 01:25:18,209
Пермский край,,,.113.223.1317.1337.,2020-02-27 01:25:50,210
Чистые пруды,,,.113.232.1.,2020-02-27 01:26:38,211
Автозаводская,,,.113.232.1.,2020-02-27 01:27:05,212
Кингисепп,,,.113.231.145.1996.,2020-02-27 01:27:07,213
Ташкент,,,.97.2759.,2020-02-27 01:27:13,214
деревня Ям-Ижора,,,.113.231.2.,2020-02-27 01:27:25,215
Ступино,,,.113.232.1.,2020-02-27 01:27:29,216
Киевская,,,.113.232.1.,2020-02-27 01:27:54,217
Арбатская,,,.113.232.1.,2020-02-27 01:28:15,218
деревня Румянцево,,,.113.232.1.,2020-02-27 01:28:35,219
деревня Лешково,,,.113.232.1.,2020-02-27 01:28:54,220
Кингисеппский район,,,.113.231.2.,2020-02-27 01:29:29,221
Дмитровский городской округ,,,.113.232.2019.141.2092.,2020-02-27 01:29:56,222
Нижневартовск,,,.113.223.1368.1375.,2020-02-27 01:30:12,223
посёлок Солнечный,,,.113.230.1844.26.,2020-02-27 01:30:23,224
Планерная,,,.113.232.2019.141.2077.,2020-02-27 01:30:37,225
Брест,,,.16.1007.,2020-02-27 01:30:40,226
село Косулино,,,.113.223.1261.1275.,2020-02-27 01:30:40,227
г Сочи,,,.113.224.1438.237.,2020-02-27 01:31:00,228
Чита,,,.113.221.1192.106.,2020-02-27 01:31:03,229
г. Набережные Челны,,,.113.227.1624.1641.,2020-02-27 01:31:08,230
поселок городского типа Тугулым,,,.113.223.1261.4739.,2020-02-27 01:31:11,231
посёлок Мурино,,,.113.231.2.,2020-02-27 01:31:21,232
Караганда,,,.40.177.,2020-02-27 01:31:24,233
поселок Красное,,,.113.232.1.,2020-02-27 01:31:36,234
Оренбург,,,.113.226.1563.70.,2020-02-27 01:32:30,235
Смоленск,,,.113.231.1103.83.,2020-02-27 01:32:38,236
Каширская,,,.113.232.1.,2020-02-27 01:32:43,237
Таганрог,,,.113.225.1530.1550.,2020-02-27 01:32:57,238
Архангельск,,,.113.223.1342.95.,2020-02-27 01:33:19,239
Бутырская,,,.113.232.1.,2020-02-27 01:33:20,240
Дмитров,,,.113.232.2019.141.2023.,2020-02-27 01:33:32,241
Нахимовский проспект,,,.113.232.1.,2020-02-27 01:33:54,242
Хабаровск,,,.113.220.1975.102.,2020-02-27 01:34:02,243
Коптево,,,.113.232.1.,2020-02-27 01:34:16,244
поселок городского типа Ржавки,,,.113.232.2019.141.2088.,2020-02-27 01:34:49,245
село Табашино,,,.113.227.1620.61.,2020-02-27 01:35:10,246
деревня Боровляны,,,.16.1002.,2020-02-27 01:35:11,247
посёлок Отрадное,,,.113.230.1844.26.,2020-02-27 01:35:17,248
Царицыно,,,.113.232.1.,2020-02-27 01:35:34,249
Пенза,,,.113.226.1575.71.,2020-02-27 01:35:43,250
Курск,,,.113.230.1880.56.,2020-02-27 01:35:43,251
г Истра,,,.113.232.2019.143.6336.,2020-02-27 01:35:45,252
посёлок Металлострой,,,.113.231.2.,2020-02-27 01:35:47,253
Королев,,,.113.232.1.,2020-02-27 01:35:50,254
Невинномысск,,,.113.224.1481.1494.,2020-02-27 01:35:57,255
Канск,,,.113.221.1146.1159.,2020-02-27 01:36:00,256
Калязин,,,.113.229.1783.1792.,2020-02-27 01:36:10,257
посёлок Шушары,,,.113.231.2.,2020-02-27 01:36:17,258
г. Пермь,,,.113.223.1317.72.,2020-02-27 01:36:26,259
город Рязань,,,.113.228.1704.77.,2020-02-27 01:36:26,260
Берёзовский,,,.113.223.1261.1266.,2020-02-27 01:36:29,261
Атырау,,,.40.153.,2020-02-27 01:37:06,262
посёлок Власиха,,,.113.230.1859.1867.,2020-02-27 01:37:20,263
г Когалым,,,.113.223.1368.1370.,2020-02-27 01:37:21,264
г Краснотурьинск,,,.113.223.1261.1283.,2020-02-27 01:37:23,265
Заславль,,,.16.2237.2316.,2020-02-27 01:37:24,266
Тобольск,,,.113.223.1342.1345.,2020-02-27 01:37:36,267
город Семилуки,,,.113.230.1844.26.,2020-02-27 01:38:25,268
Елец,,,.113.230.1890.1893.,2020-02-27 01:38:33,269
агрогородок Ждановичи,,,.16.1002.,2020-02-27 01:38:49,270
Спортивная,,,.113.231.2.,2020-02-27 01:38:53,271
г.Челябинск,,,.113.223.1384.104.,2020-02-27 01:39:02,272
Новокуйбышевск,,,.113.226.1586.1590.,2020-02-27 01:39:33,273
Армавир,,,.113.224.1438.1442.,2020-02-27 01:39:41,274
деревня Лесковка,,,.16.1002.,2020-02-27 01:39:45,275
Октябрьский,,,.113.223.1347.1361.,2020-02-27 01:40:42,276
Соликамск,,,.113.223.1317.1335.,2020-02-27 01:41:04,277
Березники,,,.113.223.1317.1319.,2020-02-27 01:41:09,278
г.Волжский ул.Пушкина 45,,,.113.225.1511.1512.,2020-02-27 01:41:11,279
КРАСНОДАР,,,.113.224.1438.53.,2020-02-27 01:41:25,280
Циолковский,,,.113.220.1932.5210.,2020-02-27 01:41:32,281
Абакан,,,.113.221.1187.103.,2020-02-27 01:41:43,282
Кольчугинский район,,,.113.229.1716.1725.,2020-02-27 01:41:54,283
Костанай,,,.40.172.,2020-02-27 01:42:24,284
Кунгур,,,.113.223.1317.1329.,2020-02-27 01:43:51,285
Bangkok,,,.113.232.1.,2020-02-27 01:44:16,286
деревня Вавилово,,,.113.223.1347.99.,2020-02-27 01:44:16,287
село Архангельское,,,.113.223.1347.5163.,2020-02-27 01:44:48,288
Екатеринбург   ул. Черняховского 86,,,.113.223.1261.3.,2020-02-27 01:44:50,289
Актобе,,,.40.154.,2020-02-27 01:45:47,290
Усть-Каменогорск,,,.40.194.,2020-02-27 01:46:30,291
Иркутская область,,,.113.221.1124.35.,2020-02-27 01:46:49,292
Алдан,,,.113.221.1174.1175.,2020-02-27 01:47:19,293
Тараз,,,.40.187.,2020-02-27 01:47:41,294
Горно-Алтайск,,,.113.222.1216.10.,2020-02-27 01:47:45,295
село Клочки,,,.113.222.1217.11.,2020-02-27 01:47:46,296
Алтуфьево,,,.113.232.1.,2020-02-27 01:47:56,297
Каховская,,,.113.232.1.,2020-02-27 01:47:56,298
Саларьево,,,.113.232.1.,2020-02-27 01:47:57,299
Южно-Сахалинск,,,.113.220.1960.81.,2020-02-27 01:48:14,300
Комсомольск-на-Амуре,,,.113.220.1975.1979.,2020-02-27 01:48:31,301
Емельяновский район,,,.113.221.1146.54.,2020-02-27 01:48:39,302
Белово,,,.113.222.1229.1231.,2020-02-27 01:48:57,303
городской округ Якутск,,,.113.221.1174.80.,2020-02-27 01:49:40,304
село Дальнее,,,.113.220.1960.81.,2020-02-27 01:50:21,305
посёлок Нагорный,,,.113.220.1943.5292.,2020-02-27 01:50:43,306
село Быков Отрог,,,.113.226.1596.1599.,2020-02-27 01:51:35,307
Домодедово,,,.113.232.2019.142.2025.,2020-02-27 01:51:44,308
г Тольятти,,,.113.226.1586.212.,2020-02-27 01:52:23,309
рабочий посёлок Селятино,,,.113.232.1.,2020-02-27 01:52:43,310
Славянский бульвар,,,.113.232.1.,2020-02-27 01:53:40,311
Раменки,,,.113.232.1.,2020-02-27 01:54:53,312
Сыктывкар,,,.113.231.1041.51.,2020-02-27 01:55:14,313
Слободской,,,.113.228.1661.1674.,2020-02-27 01:55:38,314
Тимашевск,,,.113.224.1438.1458.,2020-02-27 01:55:55,315
село Серноводское,,,.113.224.1500.105.,2020-02-27 01:55:56,316
Площадь Ильича,,,.113.232.1.,2020-02-27 01:56:07,317
деревня Божонка,,,.113.231.1051.67.,2020-02-27 01:56:16,318
деревня Зайцево,,,.113.232.1.,2020-02-27 01:56:36,319
поселок Колодищи,,,.16.1002.,2020-02-27 01:57:04,320
Славянск-на-Кубани,,,.113.224.1438.1456.,2020-02-27 01:57:30,321
Шахты,,,.113.225.1530.1552.,2020-02-27 01:58:49,322
рабочий посёлок Кольцово,,,.113.222.1202.4.,2020-02-27 01:59:55,323
www.mc21.ru,,,.113.231.2.,2020-02-27 02:01:35,324
Улица Горчакова,,,.113.232.1.,2020-02-27 02:02:19,325
г Щербинка,,,.113.232.2019.142.2096.,2020-02-27 02:02:20,326
Пушкинская,,,.16.1002.,2020-02-27 02:03:38,327
Нижнекамск,,,.113.227.1624.1642.,2020-02-27 02:06:02,328
деревня Бережки,,,.113.232.2019.142.2061.,2020-02-27 02:06:20,329
Ишимбай,,,.113.223.1347.1356.,2020-02-27 02:07:04,330
Международная,,,.113.232.1.,2020-02-27 02:09:49,331
село Чесноковка,,,.113.223.1347.99.,2020-02-27 02:12:49,332
Орехово-Зуево,,,.113.232.2019.144.2058.,2020-02-27 02:16:03,333
Витебск,,,.16.1005.,2020-02-27 02:17:32,334
Сарань,,,.40.177.,2020-02-27 02:17:52,335
г. Тверь,,,.113.229.1783.89.,2020-02-27 02:19:33,336
Фаниполь,,,.16.1002.,2020-02-27 02:19:36,337
Сестрорецк,,,.113.231.145.2507.,2020-02-27 02:20:41,338
Таганская,,,.113.232.1.,2020-02-27 02:21:00,339
деревня Сколково,,,.113.232.1.,2020-02-27 02:21:13,340
Ладожская,,,.113.231.2.,2020-02-27 02:21:22,341
Красносельская,,,.113.232.1.,2020-02-27 02:21:33,342
Авиамоторная,,,.113.232.1.,2020-02-27 02:21:33,343
село Тарасовка,,,.113.232.2019.141.2089.,2020-02-27 02:22:10,344
Полежаевская,,,.113.232.1.,2020-02-27 02:22:21,345
Токмаков пер. 21   м. Курская м. Бауманская,,,.113.232.1.,2020-02-27 02:22:58,346
деревня Ликино,,,.113.232.2019.143.2053.,2020-02-27 02:23:09,347
Одесса,,,.5.2188.127.,2020-02-27 02:23:09,348
Наро-Фоминск,,,.113.232.2019.142.2044.,2020-02-27 02:23:45,349
Краснознаменск,,,.113.232.2019.143.2051.,2020-02-27 02:23:47,350
Московский,,,.113.232.2019.142.2036.,2020-02-27 02:23:52,351
г Рассказово,,,.113.230.1905.1911.,2020-02-27 02:23:55,352
Всеволожский р-н,,,.113.231.145.5431.,2020-02-27 02:23:56,353
Комендантский проспект,,,.113.231.2.,2020-02-27 02:24:01,354
г Выборг,,,.113.231.145.1991.,2020-02-27 02:24:03,355
Фонвизинская,,,.113.232.1.,2020-02-27 02:24:31,356
Ботанический сад,,,.113.232.1.,2020-02-27 02:24:31,357
Люберцы,,,.113.232.2019.144.2039.,2020-02-27 02:25:01,358
Лосино-Петровский,,,.113.232.2019.144.2081.,2020-02-27 02:25:21,359
г. Воронеж,,,.113.230.1844.26.,2020-02-27 02:25:27,360
посёлок Виноградово,,,.113.232.2019.142.2022.,2020-02-27 02:25:54,361
Ленинский проспект,,,.113.232.1.,2020-02-27 02:26:01,362
село Федяково,,,.113.228.1679.66.,2020-02-27 02:26:29,363
Гагаринская,,,.113.226.1586.78.,2020-02-27 02:26:43,364
Добрынинская,,,.113.232.1.,2020-02-27 02:26:58,365
деревня Апаринки,,,.113.232.2019.142.2035.,2020-02-27 02:27:07,366
Комсомольская,,,.113.232.1.,2020-02-27 02:27:08,367
поселок Первомайское,,,.113.232.2019.143.2053.,2020-02-27 02:27:14,368
деревня Красная Пахра,,,.113.232.1.,2020-02-27 02:27:18,369
Электросила,,,.113.231.2.,2020-02-27 02:28:05,370
Рижская,,,.113.232.1.,2020-02-27 02:28:33,371
Пятницкое шоссе,,,.113.232.1.,2020-02-27 02:28:43,372
г Тула,,,.113.230.1913.92.,2020-02-27 02:28:46,373
г Липецк,,,.113.230.1890.58.,2020-02-27 02:28:46,374
Йошкар-Ола,,,.113.227.1620.61.,2020-02-27 02:29:01,375
Речной вокзал,,,.113.232.1.,2020-02-27 02:29:12,376
поселок городского типа Кугеси,,,.113.227.1652.107.,2020-02-27 02:29:56,377
Светлый (Калининградская область),,,.113.231.1020.41.,2020-02-27 02:30:02,378
Долгопрудный,,,.113.232.1.,2020-02-27 02:30:15,379
Кузнецкий мост,,,.113.232.1.,2020-02-27 02:30:24,380
Чкаловская,,,.113.231.2.,2020-02-27 02:30:49,381
Крестьянская застава,,,.113.232.1.,2020-02-27 02:30:49,382
Владикавказ,,,.113.224.1475.82.,2020-02-27 02:30:52,383
Мичуринский проспект,,,.113.232.1.,2020-02-27 02:31:41,384
Тургеневская,,,.113.232.1.,2020-02-27 02:32:18,385
Реутов,,,.113.232.2019.144.2094.,2020-02-27 02:32:27,386
Десногорск,,,.113.231.1103.1108.,2020-02-27 02:32:35,387
Нижегородская область (606000),,,.113.228.1679.1680.,2020-02-27 02:32:40,388
Балахна,,,.113.228.1679.1680.,2020-02-27 02:33:00,389
Площадь Восстания,,,.113.227.1624.88.,2020-02-27 02:33:20,390
Лобня,,,.113.232.2019.141.2092.,2020-02-27 02:33:23,391
Менделеевская,,,.113.232.1.,2020-02-27 02:33:47,392
Звёздная,,,.113.231.2.,2020-02-27 02:34:18,393
Улица Старокачаловская,,,.113.232.1.,2020-02-27 02:34:36,394
Королёв,,,.113.232.2019.141.2090.,2020-02-27 02:34:40,395
Псков,,,.113.231.1090.1091.,2020-02-27 02:35:05,396
Видное,,,.113.232.1.,2020-02-27 02:35:09,397
г Ковров,,,.113.229.1716.1724.,2020-02-27 02:35:12,398
Борисово,,,.113.232.1.,2020-02-27 02:35:24,399
Горьковская,,,.113.231.2.,2020-02-27 02:35:28,400
Михайловка,,,.113.225.1511.1521.,2020-02-27 02:35:38,401
поселок городского типа Рощино,,,.113.231.145.4023.,2020-02-27 02:35:51,402
ст. м. Войковская,,,.113.232.1.,2020-02-27 02:35:55,403
поселок городского типа Красное-на-Волге,,,.113.229.1771.52.,2020-02-27 02:37:10,404
поселок городского типа Зуя,,,.113.225.2114.6318.,2020-02-27 02:37:27,405
деревня Сапроново,,,.113.232.2019.142.2035.,2020-02-27 02:39:10,406
Проспект Большевиков,,,.113.231.2.,2020-02-27 02:39:43,407
г. Москва,,,.113.232.1.,2020-02-27 02:40:05,408
Новокрестовская,,,.113.231.2.,2020-02-27 02:40:33,409
Гомель,,,.16.1003.,2020-02-27 02:41:14,410
посёлок городского типа Яблоновский,,,.113.224.1422.2954.,2020-02-27 02:41:36,411
Рыбацкое,,,.113.231.2.,2020-02-27 02:41:51,412
Минская,,,.113.232.1.,2020-02-27 02:42:10,413
городской посёлок Фёдоровское,,,.113.231.2.,2020-02-27 02:42:31,414
Кутузовская,,,.113.232.1.,2020-02-27 02:42:45,415
поселок Совхоза им.Ленина,,,.113.232.1.,2020-02-27 02:43:36,416
г. Нижний Новгород,,,.113.228.1679.66.,2020-02-27 02:43:39,417
Бор,,,.113.228.1679.1682.,2020-02-27 02:43:44,418
Лесная,,,.113.231.2.,2020-02-27 02:43:45,419
Бугульма,,,.113.227.1624.1631.,2020-02-27 02:43:47,420
г Новозыбков,,,.113.230.1828.1835.,2020-02-27 02:44:05,421
Саранск,,,.113.226.1556.63.,2020-02-27 02:44:09,422
Площадь Александра Невского 1,,,.113.231.2.,2020-02-27 02:45:45,423
Купчино,,,.113.231.2.,2020-02-27 02:45:53,424
рабочий посёлок Быково,,,.113.232.2019.142.2065.,2020-02-27 02:46:23,425
деревня Хоругвино,,,.113.232.2019.141.2074.,2020-02-27 02:46:25,426
деревня Аннолово,,,.113.231.2.,2020-02-27 02:46:33,427
Волжский,,,.113.225.1511.1512.,2020-02-27 02:46:42,428
Волковская,,,.113.231.2.,2020-02-27 02:47:05,429
Салават,,,.113.223.1347.1362.,2020-02-27 02:47:33,430
Верхние Котлы,,,.113.232.1.,2020-02-27 02:47:45,431
Оса,,,.113.223.1317.1332.,2020-02-27 02:48:03,432
Черноголовка,,,.113.232.2019.144.2098.,2020-02-27 02:48:31,433
Петрозаводск,,,.113.231.1077.73.,2020-02-27 02:49:04,434
посёлок городского типа Кузьмоловский,,,.113.231.2.,2020-02-27 02:49:14,435
Сибирская,,,.113.222.1202.4.,2020-02-27 02:49:23,436
Беговая,,,.113.232.1.,2020-02-27 02:49:45,437
Автово,,,.113.231.2.,2020-02-27 02:49:47,438
Апшеронск,,,.113.224.1438.1441.,2020-02-27 02:50:20,439
Чусовой,,,.113.223.1317.1341.,2020-02-27 02:50:27,440
Балтийская,,,.113.231.2.,2020-02-27 02:50:39,441
Шатура,,,.113.232.2019.144.2080.,2020-02-27 02:50:44,442
Нижняя Салда,,,.113.223.1261.1292.,2020-02-27 02:51:36,443
Двигатель Революции,,,.113.228.1679.66.,2020-02-27 02:52:23,444
Щукинская,,,.113.232.1.,2020-02-27 02:53:13,445
Шымкент,,,.40.205.,2020-02-27 02:53:16,446
Железнодорожный,,,.113.232.2019.144.2087.,2020-02-27 02:53:24,447
Академическая,,,.113.232.1.,2020-02-27 02:53:25,448
Раменский р-н,,,.113.232.2019.5120.,2020-02-27 02:53:26,449
деревня Бородино,,,.113.232.2019.141.2041.,2020-02-27 02:53:32,450
Аксай,,,.113.225.1530.76.,2020-02-27 02:54:10,451
город Тольятти,,,.113.226.1586.212.,2020-02-27 02:55:38,452
Академия наук,,,.16.1002.,2020-02-27 02:55:46,453
Пермь ул.Дзержинского,,,.113.223.1317.72.,2020-02-27 02:55:49,454
Северный вокзал,,,.113.227.1624.88.,2020-02-27 02:56:13,455
Колядичи,,,.16.1002.,2020-02-27 02:56:13,456
Орск,,,.113.226.1563.1571.,2020-02-27 02:56:22,457
Бухарестская,,,.113.231.2.,2020-02-27 02:56:27,458
Парк культуры,,,.113.232.1.,2020-02-27 02:56:44,459
Щербинка,,,.113.232.2019.142.2096.,2020-02-27 02:57:55,460
г. Нефтеюганск,,,.113.223.1368.1374.,2020-02-27 02:58:20,461
Гатчина,,,.113.231.145.1993.,2020-02-27 02:58:26,462
Волжский район,,,.113.226.1586.78.,2020-02-27 02:58:43,463
Новочеркасск,,,.113.225.1530.1545.,2020-02-27 02:58:45,464
Калужская,,,.113.232.1.,2020-02-27 02:59:06,465
Михайловск,,,.113.224.1481.1493.,2020-02-27 03:00:22,466
поселок Кировский,,,.113.232.2019.6107.,2020-02-27 03:00:28,467
Динской р-н,,,.113.224.1438.3270.,2020-02-27 03:00:57,468
Каневской р-н,,,.113.224.1438.2432.,2020-02-27 03:00:57,469
пгт Ижморский,,,.113.222.1229.4792.,2020-02-27 03:00:58,470
Ярославский район,,,.113.229.1806.112.,2020-02-27 03:01:08,471
Отрадное,,,.113.232.1.,2020-02-27 03:01:16,472
Кремлевская,,,.113.227.1624.88.,2020-02-27 03:01:17,473
Первоуральск,,,.113.223.1261.1296.,2020-02-27 03:01:23,474
Приозерский район,,,.113.231.2.,2020-02-27 03:02:05,475
Новослободская,,,.113.232.1.,2020-02-27 03:02:17,476
Шаболовская,,,.113.232.1.,2020-02-27 03:02:54,477
Теплый Стан,,,.113.232.1.,2020-02-27 03:03:07,478
г. Москва ул. Жуковского дом 14,,,.113.232.1.,2020-02-27 03:03:15,479
г.Минск,,,.16.1002.,2020-02-27 03:03:16,480
посёлок Дружный,,,.113.228.1679.66.,2020-02-27 03:03:37,481
Павелецкая,,,.113.232.1.,2020-02-27 03:03:37,482
Ессентуки,,,.113.224.1481.1485.,2020-02-27 03:03:45,483
Омск ул.22 Партсъезда,,,.113.222.1249.68.,2020-02-27 03:04:16,484
село Детчино,,,.113.230.1859.3936.,2020-02-27 03:04:18,485
г.Новосибирск,,,.113.222.1202.4.,2020-02-27 03:04:52,486
Котельники,,,.113.232.1.,2020-02-27 03:05:01,487
Ачинск,,,.113.221.1146.1148.,2020-02-27 03:05:22,488
г.Череповец,,,.113.229.1739.1753.,2020-02-27 03:05:29,489
Саров,,,.113.228.1679.249.,2020-02-27 03:06:31,490
г.Псков,,,.113.231.1090.75.,2020-02-27 03:08:07,491
Московская область,,,.113.232.1.,2020-02-27 03:08:09,492
Коммунар,,,.113.231.145.1999.,2020-02-27 03:08:32,493
г Чебоксары,,,.113.227.1652.107.,2020-02-27 03:09:08,494
г Сергиев Посад,,,.113.232.2019.141.2069.,2020-02-27 03:09:10,495
г Северодвинск,,,.113.231.1008.1017.,2020-02-27 03:09:13,496
г Пересвет,,,.113.232.2019.141.2068.,2020-02-27 03:09:14,497
г Хотьково,,,.113.232.2019.141.2070.,2020-02-27 03:09:14,498
село Сватково,,,.113.232.2019.141.2068.,2020-02-27 03:09:15,499
г Старая Русса,,,.113.231.1051.1058.,2020-02-27 03:09:16,500
г Верхняя Салда,,,.113.223.1261.1270.,2020-02-27 03:09:18,501
г Углич,,,.113.229.1806.1816.,2020-02-27 03:09:18,502
г Нижняя Тура,,,.113.223.1261.1293.,2020-02-27 03:09:19,503
Ленинский р-н,,,.113.230.1913.4082.,2020-02-27 03:09:20,504
Медведково,,,.113.232.1.,2020-02-27 03:10:53,505
Студенческая,,,.113.222.1202.4.,2020-02-27 03:11:20,506
Могилев,,,.16.1004.,2020-02-27 03:11:29,507
Кропоткинская,,,.113.232.1.,2020-02-27 03:12:09,508
г. Екатеринбург,,,.113.223.1261.3.,2020-02-27 03:12:39,509
поселок Садовый,,,.113.222.1202.4.,2020-02-27 03:13:12,510
Мантурово,,,.113.228.1679.66.,2020-02-27 03:13:26,511
деревня Хмели,,,.113.223.1317.72.,2020-02-27 03:13:34,512
поселок Новая Адыгея,,,.113.224.1438.53.,2020-02-27 03:13:45,513
деревня Старое Кощаково,,,.113.227.1624.88.,2020-02-27 03:14:08,514
село Мирное,,,.113.225.2114.131.,2020-02-27 03:14:10,515
Зеленогорск,,,.113.231.145.2230.,2020-02-27 03:14:22,516
Варшавская,,,.113.232.1.,2020-02-27 03:14:40,517
Зарайск,,,.113.232.2019.142.2027.,2020-02-27 03:15:01,518
Егорьевск,,,.113.232.2019.142.2026.,2020-02-27 03:15:10,519
Усть-Лабинск,,,.113.224.1438.1461.,2020-02-27 03:15:28,520
Кунцевская,,,.113.232.1.,2020-02-27 03:15:56,521
деревня Хмелево,,,.113.230.1828.19.,2020-02-27 03:16:18,522
г Саранск,,,.113.226.1556.63.,2020-02-27 03:18:41,523
Чертановская,,,.113.232.1.,2020-02-27 03:18:41,524
Пролетарская,,,.113.228.1679.66.,2020-02-27 03:18:54,525
Козья слобода,,,.113.227.1624.88.,2020-02-27 03:19:58,526
село Нижняя Тавда,,,.113.223.1342.4985.,2020-02-27 03:20:50,527
Динамо,,,.113.223.1261.3.,2020-02-27 03:21:06,528
деревня Деденево,,,.113.232.2019.142.2044.,2020-02-27 03:21:41,529
рабочий посёлок Обухово,,,.113.232.2019.144.2045.,2020-02-27 03:22:17,530
Хорошевская,,,.113.232.1.,2020-02-27 03:22:55,531
Аэропорт,,,.113.232.1.,2020-02-27 03:23:12,532
Жлобин,,,.16.2238.2334.,2020-02-27 03:23:55,533
деревня Киржач,,,.113.229.1716.1732.,2020-02-27 03:24:09,534
Сосновый Бор,,,.113.231.145.2014.,2020-02-27 03:24:12,535
Дубна,,,.113.232.2019.141.2086.,2020-02-27 03:24:18,536
Республика Башкортостан,,,.113.223.1347.99.,2020-02-27 03:24:58,537
поселок Взморье,,,.113.231.1020.41.,2020-02-27 03:25:22,538
станица Кущёвская,,,.113.224.1438.2654.,2020-02-27 03:25:53,539
Минераловодский городской округ,,,.113.224.1481.1492.,2020-02-27 03:25:57,540
Фрязино,,,.113.232.2019.144.2082.,2020-02-27 03:26:03,541
мкр Железнодорожный,,,.113.232.2019.144.2087.,2020-02-27 03:27:09,542
г Астрахань,,,.113.225.1505.15.,2020-02-27 03:27:11,543
посёлок городского типа Ильинский,,,.113.232.2019.144.2064.,2020-02-27 03:27:54,544
деревня Голубое,,,.113.232.2019.141.2088.,2020-02-27 03:28:15,545
г.Екатеринбург,,,.113.223.1261.3.,2020-02-27 03:28:27,546
Волхов,,,.113.231.145.1989.,2020-02-27 03:28:46,547
Выборг,,,.113.231.145.1991.,2020-02-27 03:29:19,548
Приозерск,,,.113.231.145.2010.,2020-02-27 03:29:47,549
Бугуруслан,,,.113.226.1563.1565.,2020-02-27 03:30:33,550
Политехническая,,,.113.231.2.,2020-02-27 03:30:56,551
Алма-Атинская,,,.113.232.1.,2020-02-27 03:31:46,552
Смоленская,,,.113.232.1.,2020-02-27 03:32:35,553
Преображенская площадь,,,.113.232.1.,2020-02-27 03:32:35,554
городской округ Красногорск,,,.113.232.1.,2020-02-27 03:32:47,555
Озёрная,,,.113.232.1.,2020-02-27 03:33:00,556
Боградский р-н,,,.113.221.1187.1190.,2020-02-27 03:33:03,557
поселок городского типа Новоивановское,,,.113.232.1.,2020-02-27 03:33:16,558
Артём,,,.113.220.1948.22.,2020-02-27 03:33:43,559
посёлок Архангельское,,,.113.232.1.,2020-02-27 03:33:59,560
Сафоново,,,.113.231.1103.1115.,2020-02-27 03:34:14,561
Ленинградская область,,,.113.231.2.,2020-02-27 03:34:23,562
г Курган,,,.113.223.1308.55.,2020-02-27 03:34:39,563
Новоалтайск,,,.113.222.1217.1225.,2020-02-27 03:35:12,564
Артёмовский городской округ,,,.113.220.1948.1950.,2020-02-27 03:36:32,565
Краснокамск,,,.113.223.1317.1327.,2020-02-27 03:37:30,566
село Капитанщино,,,.113.230.1890.58.,2020-02-27 03:37:47,567
поселок Залесье,,,.113.223.1261.1269.,2020-02-27 03:38:04,568
Чайковский,,,.113.223.1317.1337.,2020-02-27 03:38:08,569
Трёхгорный,,,.113.223.1384.1408.,2020-02-27 03:38:41,570
Верхняя Пышма,,,.113.223.1261.3.,2020-02-27 03:39:01,571
г Волгоград,,,.113.225.1511.24.,2020-02-27 03:39:06,572
г Волжский,,,.113.225.1511.1512.,2020-02-27 03:39:07,573
Юргамышский р-н,,,.113.223.1308.2672.,2020-02-27 03:39:08,574
Балаково,,,.113.226.1596.1599.,2020-02-27 03:39:19,575
п. Ерзовка,,,.113.225.1511.24.,2020-02-27 03:39:35,576
село Италмас,,,.113.227.1646.96.,2020-02-27 03:39:56,577
посёлок городского типа Тымовское,,,.113.220.1960.5268.,2020-02-27 03:40:13,578
Ноябрьск,,,.113.223.1414.1420.,2020-02-27 03:40:13,579
село Нялинское,,,.113.223.1368.147.,2020-02-27 03:41:08,580
г.Волгоград,,,.113.225.1511.24.,2020-02-27 03:42:29,581
Черепаново,,,.113.222.1202.4.,2020-02-27 03:42:31,582
Томск ул. Нижне-Луговая,,,.113.222.1255.90.,2020-02-27 03:43:04,583
Шарыпово,,,.113.221.1146.1168.,2020-02-27 03:43:06,584
г Семилуки,,,.113.230.1844.1857.,2020-02-27 03:43:35,585
село Курганово,,,.113.223.1261.5721.,2020-02-27 03:43:35,586
Советская Гавань,,,.113.220.1975.1981.,2020-02-27 03:44:14,587
г. Омск,,,.113.222.1249.68.,2020-02-27 03:44:23,588
Белокуриха,,,.113.222.1217.1219.,2020-02-27 03:44:45,589
Тайшет,,,.113.221.1124.1139.,2020-02-27 03:44:48,590
посёлок Солонцы,,,.113.221.1146.54.,2020-02-27 03:44:48,591
Киселёвск,,,.113.222.1229.1235.,2020-02-27 03:45:29,592
Кисловодск,,,.113.224.1481.1490.,2020-02-27 03:47:08,593
Октябрьское поле,,,.113.232.1.,2020-02-27 03:47:35,594
г Тверь,,,.113.229.1783.89.,2020-02-27 03:48:59,595
Бауманская,,,.113.232.1.,2020-02-27 03:49:46,596
г Кимры,,,.113.229.1783.1794.,2020-02-27 03:49:59,597
Конаковский р-н,,,.113.229.1783.6184.,2020-02-27 03:49:59,598
Новошахтинск,,,.113.225.1530.1546.,2020-02-27 03:50:36,599
Площадь Мужества,,,.113.231.2.,2020-02-27 03:51:11,600
г Суджа,,,.113.230.1880.1887.,2020-02-27 03:54:05,601
г Рыльск,,,.113.230.1880.1886.,2020-02-27 03:54:06,602
пгт Теткино,,,.113.230.1880.1887.,2020-02-27 03:54:06,603
г Курчатов,,,.113.230.1880.1883.,2020-02-27 03:54:07,604
м. Белорусская,,,.113.232.1.,2020-02-27 03:55:55,605
село Константиновка,,,.113.227.1624.88.,2020-02-27 03:56:19,606
Сетунь,,,.113.232.1.,2020-02-27 03:57:03,607
Костомукша,,,.113.231.1077.1081.,2020-02-27 03:57:18,608
Измайлово,,,.113.232.1.,2020-02-27 03:57:23,609
Сокольский район,,,.113.229.1771.52.,2020-02-27 03:57:51,610
деревня Чашниково,,,.113.232.2019.141.2074.,2020-02-27 03:58:10,611
посёлок Новый Кременкуль,,,.113.223.1384.104.,2020-02-27 03:58:24,612
город Ростов-на-Дону,,,.113.225.1530.76.,2020-02-27 03:59:12,613
Старая Купавна,,,.113.232.2019.144.2046.,2020-02-27 03:59:31,614
Черкесск,,,.113.224.1471.46.,2020-02-27 03:59:37,615
деревня Вележево,,,.113.230.1844.26.,2020-02-27 03:59:50,616
Площадь Александра Невского 2,,,.113.231.2.,2020-02-27 04:00:03,617
Санкт - Петербург,,,.113.231.2.,2020-02-27 04:00:20,618
Оболонь,,,.5.115.,2020-02-27 04:00:53,619
г.  Жуковский Московской области,,,.113.232.2019.144.2064.,2020-02-27 04:02:11,620
Грозный,,,.113.224.1500.105.,2020-02-27 04:04:06,621
Селигерская,,,.113.232.1.,2020-02-27 04:04:22,622
Аметьево,,,.113.227.1624.88.,2020-02-27 04:05:12,623
Боровское шоссе,,,.113.232.1.,2020-02-27 04:06:17,624
Большое Стиклево,,,.16.1007.,2020-02-27 04:06:38,625
город Воронеж,,,.113.230.1844.26.,2020-02-27 04:08:43,626
Лаишевский район,,,.113.227.1624.88.,2020-02-27 04:09:02,627
Проспект Ветеранов,,,.113.231.2.,2020-02-27 04:09:08,628
Геленджик,,,.113.224.1438.1444.,2020-02-27 04:09:22,629
деревня Старая,,,.113.231.1051.1060.,2020-02-27 04:10:20,630
посёлок Прикубанский,,,.113.224.1422.2954.,2020-02-27 04:10:26,631
Митино,,,.113.232.1.,2020-02-27 04:11:42,632
Катайск,,,.113.223.1308.1310.,2020-02-27 04:12:32,633
Садовая,,,.113.231.2.,2020-02-27 04:12:36,634
Красноармейск,,,.113.232.2019.141.2062.,2020-02-27 04:12:57,635
Ленинградская область г.Сосновый Бор,,,.113.231.145.2014.,2020-02-27 04:13:16,636
Мегион,,,.113.223.1368.1371.,2020-02-27 04:13:42,637
посёлок Коммунарка,,,.113.232.1.,2020-02-27 04:13:59,638
деревня Михановичи,,,.16.1002.,2020-02-27 04:14:07,639
рабочий посёлок Приволжский,,,.113.226.1596.1613.,2020-02-27 04:16:13,640
г.Воронеж ул. Переверткина дом 7,,,.113.230.1844.26.,2020-02-27 04:17:04,641
Пикалёво,,,.113.231.145.2007.,2020-02-27 04:17:47,642
Дзержинский,,,.113.232.2019.144.2084.,2020-02-27 04:17:47,643
Курганинск,,,.113.224.1438.1451.,2020-02-27 04:18:20,644
Измайловская,,,.113.232.2019.144.2020.,2020-02-27 04:18:26,645
Печора,,,.113.231.1041.1047.,2020-02-27 04:18:26,646
село Малореченское,,,.113.225.2114.2381.,2020-02-27 04:18:30,647
Мякинино,,,.113.232.1.,2020-02-27 04:18:47,648
Зеленодольск,,,.113.227.1624.1635.,2020-02-27 04:19:14,649
деревня Лапино,,,.113.232.2019.143.2053.,2020-02-27 04:19:41,650
Георгиевск,,,.113.224.1481.1484.,2020-02-27 04:19:43,651
Стрешнево,,,.113.232.1.,2020-02-27 04:20:21,652
посёлок городского типа Волжский,,,.113.226.1586.78.,2020-02-27 04:20:31,653
Карпинск,,,.113.223.1261.1280.,2020-02-27 04:20:45,654
Батайск,,,.113.225.1530.1533.,2020-02-27 04:21:18,655
деревня Елино,,,.113.232.2019.141.2088.,2020-02-27 04:21:24,656
посёлок при станции Буранная,,,.113.223.1384.1399.,2020-02-27 04:21:30,657
деревня Черная Грязь,,,.113.232.2019.141.2077.,2020-02-27 04:21:31,658
Пушкин,,,.113.231.145.2490.,2020-02-27 04:22:39,659
Лиговский проспект,,,.113.231.2.,2020-02-27 04:22:45,660
поселок Зоринский,,,.113.226.1596.79.,2020-02-27 04:23:45,661
Усинск,,,.113.231.1041.1049.,2020-02-27 04:24:11,662
Бишкек,,,.48.2760.,2020-02-27 04:24:56,663
Жулебино,,,.113.232.1.,2020-02-27 04:25:04,664
Приозерский р-н,,,.113.231.145.4022.,2020-02-27 04:26:25,665
г Сосновоборск,,,.113.221.1146.1164.,2020-02-27 04:26:27,666
г Ижевск,,,.113.227.1646.96.,2020-02-27 04:26:28,667
село Орёл-Изумруд,,,.113.224.1438.237.,2020-02-27 04:29:41,668
аул Тахтамукай,,,.113.224.1438.53.,2020-02-27 04:30:01,669
населённый пункт 3307 километр,,,.113.222.1202.4.,2020-02-27 04:30:12,670
Новополоцк,,,.16.2234.2265.,2020-02-27 04:30:35,671
посёлок городского типа Шаля,,,.113.223.1261.4784.,2020-02-27 04:30:55,672
посёлок городского типа Некрасовский,,,.113.232.2019.141.2092.,2020-02-27 04:32:13,673
Альметьевск,,,.113.227.1624.1627.,2020-02-27 04:32:20,674
Сайран,,,.40.160.,2020-02-27 04:33:38,675
Краснодарский край,,,.113.224.1438.53.,2020-02-27 04:33:49,676
деревня Жуковка,,,.113.232.2019.141.4610.,2020-02-27 04:34:38,677
Электросталь,,,.113.232.2019.144.2098.,2020-02-27 04:35:30,678
Нефтекамск,,,.113.223.1347.1360.,2020-02-27 04:36:00,679
Cамара,,,.113.226.1586.78.,2020-02-27 04:36:44,680
село Эстосадок,,,.113.224.1438.5037.,2020-02-27 04:37:04,681
село Дрокино,,,.113.221.1146.54.,2020-02-27 04:37:05,682
г. Санкт-Петербург,,,.113.231.2.,2020-02-27 04:37:49,683
поселок Храброво,,,.113.231.1020.41.,2020-02-27 04:38:31,684
городской округ Саранск,,,.113.226.1556.63.,2020-02-27 04:40:00,685
Махачкала,,,.113.224.1424.29.,2020-02-27 04:40:17,686
Котлас,,,.113.231.1008.1011.,2020-02-27 04:41:10,687
поселок Удельная,,,.113.232.2019.142.2065.,2020-02-27 04:41:27,688
Маяковская,,,.113.231.2.,2020-02-27 04:41:39,689
Белорецк,,,.113.223.1347.1351.,2020-02-27 04:41:40,690
поселок Бородыновка,,,.113.224.1481.1486.,2020-02-27 04:41:49,691
Проспект Просвещения,,,.113.231.2.,2020-02-27 04:42:26,692
Новокосино,,,.113.232.1.,2020-02-27 04:42:59,693
Юрьев-Польский,,,.113.229.1716.1738.,2020-02-27 04:43:03,694
Трубная,,,.113.232.1.,2020-02-27 04:44:00,695
поселок Романовка,,,.113.231.2.,2020-02-27 04:44:10,696
рабочий посёлок Латная,,,.113.230.1844.26.,2020-02-27 04:44:11,697
Свердловская область,,,.113.223.1261.3.,2020-02-27 04:44:11,698
Копейск,,,.113.223.1384.104.,2020-02-27 04:44:42,699
Казахстан,,,.40.181.,2020-02-27 04:45:28,700
Дегунино,,,.113.232.1.,2020-02-27 04:46:46,701
поселок Мурино,,,.113.231.145.5084.,2020-02-27 04:47:26,702
станица Тамань,,,.113.224.1438.1457.,2020-02-27 04:48:24,703
деревня Борисовка,,,.113.232.2019.142.2061.,2020-02-27 04:48:49,704
Когалым,,,.113.223.1368.147.,2020-02-27 04:50:41,705
Сызрань,,,.113.226.1586.1594.,2020-02-27 04:51:07,706
Технологический институт 2,,,.113.231.2.,2020-02-27 04:52:28,707
Белореченск,,,.113.224.1438.1443.,2020-02-27 04:52:38,708
деревня Мотяково,,,.113.232.2019.144.2039.,2020-02-27 04:53:13,709
Озёрск,,,.113.223.1384.1403.,2020-02-27 04:53:40,710
Хасавюрт,,,.113.224.1424.1432.,2020-02-27 04:54:12,711
Томск пр. Академический,,,.113.222.1255.90.,2020-02-27 04:55:03,712
Ясный,,,.113.226.1563.4296.,2020-02-27 04:56:22,713
деревня Владимировка,,,.113.231.2.,2020-02-27 04:57:11,714
посёлок Рудный,,,.113.230.1913.1930.,2020-02-27 04:57:32,715
Киржач,,,.113.229.1716.1723.,2020-02-27 04:59:47,716
станица Калининская,,,.113.224.1438.3058.,2020-02-27 05:00:22,717
рабочий посёлок Боброво,,,.113.232.1.,2020-02-27 05:01:07,718
село Павловская Слобода,,,.113.232.2019.143.2034.,2020-02-27 05:01:56,719
село Ундоры,,,.113.226.1614.98.,2020-02-27 05:02:14,720
посёлок Акбулак,,,.113.226.1563.4244.,2020-02-27 05:05:00,721
Анжеро-Судженск,,,.113.222.1229.1230.,2020-02-27 05:05:14,722
г. Белгород,,,.113.230.1817.17.,2020-02-27 05:06:44,723
Фили,,,.113.232.1.,2020-02-27 05:06:57,724
г Энгельс,,,.113.226.1596.1613.,2020-02-27 05:07:14,725
Иннополис,,,.113.227.1624.88.,2020-02-27 05:07:40,726
МО,,,.113.232.2019.144.2020.,2020-02-27 05:07:46,727
посёлок городского типа Медведево,,,.113.227.1620.61.,2020-02-27 05:08:05,728
деревня Тямша,,,.113.231.1090.75.,2020-02-27 05:08:06,729
Уссурийск,,,.113.220.1948.1958.,2020-02-27 05:08:12,730
станица Новотитаровская,,,.113.224.1438.53.,2020-02-27 05:08:57,731
поселок городского типа Вурнары,,,.113.227.1652.3676.,2020-02-27 05:09:14,732
деревня Нестюково,,,.113.223.1317.72.,2020-02-27 05:09:41,733
посёлок городского типа Медведицкий,,,.113.225.1511.5305.,2020-02-27 05:09:42,734
Сергиев Посад,,,.113.232.2019.141.2069.,2020-02-27 05:10:32,735
Нерехта,,,.113.229.1771.1778.,2020-02-27 05:10:58,736
Деловой центр,,,.113.232.1.,2020-02-27 05:11:28,737
село Нечаевка,,,.113.230.1844.26.,2020-02-27 05:11:42,738
г.Волгодонск,,,.113.225.1530.1535.,2020-02-27 05:12:10,739
посёлок городского типа Ильский,,,.113.224.1438.3275.,2020-02-27 05:12:15,740
г Жердевка,,,.113.230.1905.1906.,2020-02-27 05:12:26,741
г Котовск,,,.113.230.1905.1908.,2020-02-27 05:12:27,742
Нефтеюганск,,,.113.223.1368.1374.,2020-02-27 05:12:47,743
деревня Шматово,,,.113.232.2019.142.2075.,2020-02-27 05:13:04,744
деревня Большое Верево,,,.113.231.2.,2020-02-27 05:13:12,745
Мелеуз,,,.113.223.1347.1359.,2020-02-27 05:14:18,746
Окуловка,,,.113.231.1051.1055.,2020-02-27 05:14:22,747
Кумертау,,,.113.223.1347.1357.,2020-02-27 05:14:50,748
Севастопольская,,,.113.232.1.,2020-02-27 05:14:58,749
Марьино,,,.113.232.1.,2020-02-27 05:15:06,750
Кропоткин,,,.113.224.1438.1449.,2020-02-27 05:15:21,751
рабочий посёлок Горный,,,.113.222.1202.4832.,2020-02-27 05:15:22,752
посёлок городского типа Ставрово,,,.113.229.1716.1728.,2020-02-27 05:16:56,753
деревня Есипово,,,.113.231.2.,2020-02-27 05:17:29,754
Кстово,,,.113.228.1679.1691.,2020-02-27 05:17:47,755
Ковров,,,.113.229.1716.23.,2020-02-27 05:18:26,756
Алапаевск,,,.113.223.1261.1262.,2020-02-27 05:18:50,757
Стерлитамак,,,.113.223.1347.1364.,2020-02-27 05:19:29,758
г Красноуфимск,,,.113.223.1261.1285.,2020-02-27 05:20:41,759
поселок Ростовка,,,.113.222.1249.68.,2020-02-27 05:20:52,760
Ленинск-Кузнецкий,,,.113.222.1229.1236.,2020-02-27 05:20:58,761
рабочий поселок Южный,,,.113.222.1217.11.,2020-02-27 05:21:45,762
поселок Чишмы,,,.113.223.1347.99.,2020-02-27 05:22:11,763
рабочий поселок Линёво,,,.113.222.1202.4841.,2020-02-27 05:23:11,764
поселок городского типа Мошково,,,.113.222.1202.4.,2020-02-27 05:23:30,765
г Таштагол,,,.113.222.1229.1246.,2020-02-27 05:23:40,766
г Новосибирск,,,.113.222.1202.4.,2020-02-27 05:23:40,767
Новосибирский р-н,,,.113.231.1103.4355.,2020-02-27 05:23:40,768
Осинники,,,.113.222.1229.1241.,2020-02-27 05:24:03,769
634034,,,.113.222.1255.90.,2020-02-27 05:25:12,770
Кожуховская,,,.113.232.1.,2020-02-27 05:25:18,771
Удельная,,,.113.231.2.,2020-02-27 05:25:26,772
Тропарево,,,.113.232.1.,2020-02-27 05:25:26,773
г Екатеринбург,,,.113.223.1261.3.,2020-02-27 05:25:27,774
г Уфа,,,.113.223.1347.99.,2020-02-27 05:25:30,775
г Подольск,,,.113.232.2019.142.2061.,2020-02-27 05:25:30,776
г Зеленоград,,,.113.232.2019.141.2088.,2020-02-27 05:25:31,777
Биробиджан,,,.113.220.1941.31.,2020-02-27 05:25:41,778
село Дружино,,,.113.222.1249.68.,2020-02-27 05:26:17,779
село Санниково,,,.113.222.1217.11.,2020-02-27 05:27:59,780
Железногорск-Илимский,,,.113.221.1124.1132.,2020-02-27 05:28:08,781
г Пермь,,,.113.223.1317.72.,2020-02-27 05:30:30,782
хутор Ленинаван,,,.113.225.1530.76.,2020-02-27 05:32:47,783
Реж,,,.113.223.1261.1299.,2020-02-27 05:32:55,784
Ревда,,,.113.223.1261.1298.,2020-02-27 05:32:57,785
Сухой Лог,,,.113.223.1261.1303.,2020-02-27 05:32:58,786
Суконная слобода,,,.113.227.1624.88.,2020-02-27 05:33:12,787
Горки,,,.113.227.1624.88.,2020-02-27 05:33:13,788
Невский проспект,,,.113.231.2.,2020-02-27 05:33:14,789
г Балашиха,,,.113.232.2019.144.2020.,2020-02-27 05:34:53,790
г Вологда,,,.113.229.1739.25.,2020-02-27 05:34:55,791
г Мичуринск,,,.113.230.1905.1909.,2020-02-27 05:34:55,792
г Благодарный,,,.113.224.1481.1482.,2020-02-27 05:34:56,793
Владыкино,,,.113.232.1.,2020-02-27 05:35:22,794
Баковка,,,.113.232.1.,2020-02-27 05:35:49,795
Узловая,,,.113.230.1913.1928.,2020-02-27 05:36:23,796
г Тамбов,,,.113.230.1905.87.,2020-02-27 05:38:07,797
г Урай,,,.113.223.1368.1382.,2020-02-27 05:38:08,798
г Югорск,,,.113.223.1368.1383.,2020-02-27 05:38:09,799
г. Лида,,,.16.2236.2301.,2020-02-27 05:38:16,800
Медвежьегорск,,,.113.231.1077.73.,2020-02-27 05:39:25,801
деревня Богданиха,,,.113.232.1.,2020-02-27 05:41:46,802
Кстовский район,,,.113.228.1679.66.,2020-02-27 05:42:26,803
г Новочеркасск,,,.113.225.1530.1545.,2020-02-27 05:44:18,804
г Шахты,,,.113.225.1530.1552.,2020-02-27 05:44:18,805
Красногвардейская,,,.113.232.1.,2020-02-27 05:44:21,806
Орехово,,,.113.232.1.,2020-02-27 05:44:22,807
Печатники,,,.113.232.1.,2020-02-27 05:44:23,808
Калининский р-н,,,.113.224.1438.3319.,2020-02-27 05:44:26,809
Нагатинская,,,.113.232.1.,2020-02-27 05:44:28,810
г Рязань,,,.113.228.1704.77.,2020-02-27 05:44:29,811
г Собинка,,,.113.229.1716.1734.,2020-02-27 05:44:29,812
г Химки,,,.113.232.2019.141.2077.,2020-02-27 05:44:31,813
Чкаловск,,,.113.228.1679.66.,2020-02-27 05:44:32,814
Рыбинск,,,.113.229.1806.1814.,2020-02-27 05:44:44,815
"ДВЕРЯНИН"- ЧЕЛНЫ,,,.113.227.1624.1641.,2020-02-27 05:44:53,816
Купаловская,,,.16.1002.,2020-02-27 05:45:48,817
Волгодонск,,,.113.225.1530.1535.,2020-02-27 05:46:04,818
рабочий посёлок Новоивановское,,,.113.232.1.,2020-02-27 05:46:37,819
Юго-Западная,,,.113.232.1.,2020-02-27 05:47:19,820
Площадь Якуба Коласа,,,.16.1002.,2020-02-27 05:47:54,821
Коломна,,,.113.232.2019.142.2033.,2020-02-27 05:47:55,822
Тимирязевская,,,.113.232.1.,2020-02-27 05:49:25,823
Ефремов,,,.113.230.1913.1920.,2020-02-27 05:49:41,824
Минский район,,,.16.1002.,2020-02-27 05:50:50,825
Димитровград,,,.113.226.1614.1616.,2020-02-27 05:51:19,826
Нарвская,,,.113.231.2.,2020-02-27 05:52:16,827
Ховрино,,,.113.232.1.,2020-02-27 05:52:57,828
Дедовск,,,.113.232.2019.143.2100.,2020-02-27 05:53:11,829
Кохма,,,.113.229.1754.1760.,2020-02-27 05:54:07,830
Краснодар ул. Солнечная 15/5,,,.113.232.1.,2020-02-27 05:54:35,831
Гражданский проспект,,,.113.231.2.,2020-02-27 05:55:15,832
Производственный проезд д. 45,,,.113.227.1624.1641.,2020-02-27 05:55:22,833
Болхов,,,.113.230.1898.1899.,2020-02-27 05:55:31,834
Кропивницкий,,,.5.2169.122.,2020-02-27 05:55:34,835
посёлок городского типа Знаменка,,,.113.230.1898.3947.,2020-02-27 05:55:51,836
село Яр-Сале,,,.113.223.1414.3694.,2020-02-27 05:55:57,837
Азов,,,.113.225.1530.1531.,2020-02-27 05:57:49,838
село Высокая Гора,,,.113.227.1624.88.,2020-02-27 05:58:23,839
Плавск,,,.113.230.1913.1925.,2020-02-27 05:59:00,840
деревня Коряково,,,.113.230.1859.301.,2020-02-27 05:59:10,841
Серпухов,,,.113.232.2019.142.2073.,2020-02-27 05:59:27,842
Бульвар Дмитрия Донского,,,.113.232.1.,2020-02-27 06:00:21,843
городской округ Архангельск,,,.113.231.1008.14.,2020-02-27 06:00:45,844
село Кабардинка,,,.113.224.1438.2641.,2020-02-27 06:01:08,845
поселок городского типа Новосемейкино,,,.113.226.1586.78.,2020-02-27 06:01:29,846
Петровско-Разумовская,,,.113.232.1.,2020-02-27 06:01:37,847
г. Сочи,,,.113.224.1438.237.,2020-02-27 06:01:56,848
Курская,,,.113.232.1.,2020-02-27 06:02:04,849
Могилёв,,,.16.1004.,2020-02-27 06:02:46,850
Свиблово,,,.113.232.1.,2020-02-27 06:03:28,851
Апрелевка,,,.113.232.2019.142.2042.,2020-02-27 06:07:12,852
Ковдор,,,.113.231.1061.4115.,2020-02-27 06:07:18,853
Гусь-Хрустальный,,,.113.229.1716.23.,2020-02-27 06:07:55,854
Малоярославец,,,.113.230.1859.1871.,2020-02-27 06:08:01,855
Узда,,,.16.2237.2331.,2020-02-27 06:09:51,856
Лихоборы,,,.113.232.1.,2020-02-27 06:10:18,857
Крыловский р-н,,,.113.224.1438.3285.,2020-02-27 06:12:38,858
Гулькевичский р-н,,,.113.224.1438.3968.,2020-02-27 06:12:38,859
г Великий Новгород,,,.113.231.1051.67.,2020-02-27 06:12:38,860
Узловский район,,,.113.230.1913.92.,2020-02-27 06:12:54,861
г. Самара,,,.113.226.1586.78.,2020-02-27 06:13:25,862
Московская обл.,,,.113.232.1.,2020-02-27 06:15:18,863
г. Владимир,,,.113.229.1716.23.,2020-02-27 06:18:40,864
Ялуторовск,,,.113.223.1342.1346.,2020-02-27 06:19:04,865
Октябрьская,,,.16.1002.,2020-02-27 06:19:25,866
Шаранский р-н,,,.113.223.1347.5139.,2020-02-27 06:21:06,867
г Реутов,,,.113.232.2019.144.2094.,2020-02-27 06:21:52,868
г Кирово-Чепецк,,,.113.228.1661.1665.,2020-02-27 06:21:53,869
г Пенза,,,.113.226.1575.71.,2020-02-27 06:22:00,870
г Красногорск,,,.113.232.2019.143.2034.,2020-02-27 06:22:00,871
поселок остановочный пункт 3307 километр,,,.113.222.1202.4.,2020-02-27 06:22:59,872
Тушинская,,,.113.232.1.,2020-02-27 06:24:00,873
село Дмитрова Гора,,,.113.229.1783.1795.,2020-02-27 06:24:01,874
поселок городского типа Волжский,,,.113.226.1586.3659.,2020-02-27 06:24:08,875
улан-удэ,,,.113.221.1118.20.,2020-02-27 06:24:27,876
село Иргели,,,.40.160.,2020-02-27 06:25:20,877
Кудрово,,,.113.231.2.,2020-02-27 06:26:45,878
село Засечное,,,.113.226.1575.71.,2020-02-27 06:27:48,879
деревня Поддубки,,,.113.232.2019.141.2023.,2020-02-27 06:27:55,880
Тихвин,,,.113.231.145.2016.,2020-02-27 06:30:06,881
г. Красногорск,,,.113.232.2019.143.2034.,2020-02-27 06:30:37,882
хутор Копанской,,,.113.224.1438.53.,2020-02-27 06:30:42,883
Гатчинский р-н,,,.113.231.145.4025.,2020-02-27 06:31:42,884
посёлок Ждановский,,,.113.228.1679.66.,2020-02-27 06:33:36,885
Томская область,,,.113.222.1255.4684.,2020-02-27 06:34:47,886
деревня Картмазово,,,.113.232.1.,2020-02-27 06:35:04,887
м. Савеловская,,,.113.232.1.,2020-02-27 06:35:48,888
Новокубанск,,,.113.224.1438.1453.,2020-02-27 06:38:01,889
посёлок городского типа Партенит,,,.113.225.2114.2381.,2020-02-27 06:39:37,890
Улица Дмитриевского,,,.113.232.1.,2020-02-27 06:39:52,891
деревня Глухово,,,.113.232.1.,2020-02-27 06:40:22,892
Восток,,,.16.1002.,2020-02-27 06:40:27,893
дачный посёлок Удельная,,,.113.232.2019.142.5975.,2020-02-27 06:40:54,894
Кореновск,,,.113.224.1438.1448.,2020-02-27 06:42:04,895
Кашира,,,.113.232.2019.142.2029.,2020-02-27 06:42:14,896
Бронницы,,,.113.232.2019.142.2063.,2020-02-27 06:43:14,897
село Топчиха,,,.113.222.1217.4944.,2020-02-27 06:43:22,898
село Райгород,,,.113.225.1511.2651.,2020-02-27 06:43:45,899
Мирный,,,.113.231.1008.1013.,2020-02-27 06:47:21,900
село Смоленское,,,.113.222.1217.4935.,2020-02-27 06:48:00,901
г. Томск,,,.113.222.1255.90.,2020-02-27 06:48:08,902
поселок городского типа Краснобродский,,,.113.222.1229.4796.,2020-02-27 06:48:09,903
Кокшетау,,,.40.176.,2020-02-27 06:48:21,904
село Марусино,,,.113.222.1202.4.,2020-02-27 06:49:06,905
Марксистская,,,.113.232.1.,2020-02-27 06:51:16,906
посёлок Мыза-Ивановка,,,.113.231.145.1993.,2020-02-27 06:53:00,907
Мозырь,,,.16.2235.2285.,2020-02-27 06:53:52,908
Выхино,,,.113.232.1.,2020-02-27 06:55:19,909
Говорово,,,.113.232.1.,2020-02-27 06:55:32,910
Сухаревская,,,.113.232.1.,2020-02-27 06:55:51,911
Локомотив,,,.113.232.1.,2020-02-27 06:55:59,912
Люблино,,,.113.232.1.,2020-02-27 06:56:13,913
Кириши,,,.113.231.145.1997.,2020-02-27 06:56:32,914
поселок Ржавки-2,,,.113.232.2019.141.2088.,2020-02-27 06:56:47,915
поселок городского типа Рефтинский,,,.113.223.1261.2735.,2020-02-27 06:59:07,916
село Остафьево,,,.113.232.1.,2020-02-27 06:59:44,917
Кирс,,,.113.228.1661.1666.,2020-02-27 07:00:20,918
Курчатов,,,.113.230.1880.1883.,2020-02-27 07:00:25,919
поселок городского типа Тисуль,,,.113.222.1229.4809.,2020-02-27 07:00:37,920
Тихорецк,,,.113.224.1438.1459.,2020-02-27 07:01:02,921
поселок городского типа Крапивинский,,,.113.222.1229.4799.,2020-02-27 07:01:08,922
Кронштадт,,,.113.231.145.2961.,2020-02-27 07:02:07,923
г Кременки,,,.113.230.1859.1869.,2020-02-27 07:03:19,924
Площадь Тукая,,,.113.227.1624.88.,2020-02-27 07:03:54,925
посёлок городского типа Агинское,,,.113.221.1192.216.,2020-02-27 07:03:58,926
деревня Копище,,,.16.1002.,2020-02-27 07:03:59,927
г. Сургут,,,.113.223.1368.1381.,2020-02-27 07:04:31,928
Надым,,,.113.223.1414.1418.,2020-02-27 07:05:25,929
Муром,,,.113.229.1716.1730.,2020-02-27 07:05:27,930
Оренбур,,,.113.226.1563.70.,2020-02-27 07:06:09,931
Добрянка,,,.113.223.1317.1324.,2020-02-27 07:07:22,932
Белебей,,,.113.223.1347.1350.,2020-02-27 07:08:06,933
Среднеуральск,,,.113.223.1261.1302.,2020-02-27 07:09:53,934
поселок городского типа Боровский,,,.113.223.1342.95.,2020-02-27 07:10:21,935
муниципальное образование Поселок Уральский,,,.113.223.1261.5767.,2020-02-27 07:11:38,936
Междуреченск,,,.113.222.1229.1238.,2020-02-27 07:12:57,937
мкр Ожерелье,,,.113.232.2019.142.2029.,2020-02-27 07:13:25,938
Нерюнгри,,,.113.221.1174.1180.,2020-02-27 07:15:10,939
Елизово,,,.113.220.1943.1945.,2020-02-27 07:15:58,940
Андроновка,,,.113.232.1.,2020-02-27 07:17:28,941
Борисов,,,.16.2237.2311.,2020-02-27 07:17:34,942
село Казинка,,,.113.230.1890.58.,2020-02-27 07:18:35,943
деревня Лапшинка,,,.113.232.1.,2020-02-27 07:18:42,944
Новохохловская,,,.113.232.1.,2020-02-27 07:19:03,945
село Дворцы,,,.113.230.1859.3937.,2020-02-27 07:19:45,946
г Озеры,,,.113.232.2019.142.2054.,2020-02-27 07:19:45,947
г Малоярославец,,,.113.230.1859.1871.,2020-02-27 07:19:46,948
деревня Шолохово,,,.113.232.2019.141.2092.,2020-02-27 07:20:25,949
г Курск,,,.113.230.1880.1882.,2020-02-27 07:21:22,950
Чувашская Республика,,,.113.227.1652.107.,2020-02-27 07:21:56,951
Ямало-Ненецкий автономный округ,,,.113.223.1414.1419.,2020-02-27 07:21:57,952
Мичуринск,,,.113.230.1905.1909.,2020-02-27 07:24:25,953
Новокузнецкая,,,.113.232.1.,2020-02-27 07:25:40,954
Тульская,,,.113.232.1.,2020-02-27 07:25:41,955
Харьков,,,.5.2206.135.,2020-02-27 07:27:26,956
Ипатово,,,.113.224.1481.1489.,2020-02-27 07:28:21,957
деревня Боброво,,,.113.232.1.,2020-02-27 07:29:37,958
г Гатчина,,,.113.231.145.1993.,2020-02-27 07:29:55,959
г Апшеронск,,,.113.224.1438.1441.,2020-02-27 07:29:56,960
г Таганрог,,,.113.225.1530.1550.,2020-02-27 07:29:56,961
деревня Гольево,,,.113.232.2019.143.2034.,2020-02-27 07:31:37,962
Радужный,,,.113.223.1368.1379.,2020-02-27 07:32:08,963
поселок Луговое,,,.113.231.1020.41.,2020-02-27 07:32:10,964
село Новоалексеевское,,,.113.223.1261.3.,2020-02-27 07:33:06,965
Заводоуковск,,,.113.223.1342.1343.,2020-02-27 07:33:18,966
Молодечно,,,.16.2237.2323.,2020-02-27 07:35:11,967
г. Кострома,,,.113.229.1771.52.,2020-02-27 07:35:25,968
Рославль,,,.113.231.1103.1113.,2020-02-27 07:37:17,969
агрогородок Большевик,,,.16.1002.,2020-02-27 07:38:17,970
Выселковский р-н,,,.113.224.1438.3267.,2020-02-27 07:38:56,971
Кстовский р-н,,,.113.228.1679.1691.,2020-02-27 07:38:56,972
г Владимир,,,.113.229.1716.23.,2020-02-27 07:38:57,973
Лиманский р-н,,,.113.225.1505.5175.,2020-02-27 07:38:58,974
Калининский район,,,.113.229.1783.89.,2020-02-27 07:39:05,975
городской округ Химки,,,.113.232.2019.141.2092.,2020-02-27 07:39:59,976
деревня Шарапово,,,.113.232.2019.142.2042.,2020-02-27 07:41:10,977
г.Самара,,,.113.226.1586.78.,2020-02-27 07:41:34,978
Чеховский район,,,.113.232.2019.142.2078.,2020-02-27 07:43:11,979
Спартак,,,.113.232.1.,2020-02-27 07:43:36,980
село Столбище,,,.113.227.1624.88.,2020-02-27 07:43:51,981
поселок Строитель,,,.113.230.1905.87.,2020-02-27 07:44:08,982
посёлок городского типа Пышма,,,.113.223.1261.4727.,2020-02-27 07:44:09,983
поселок Увильды,,,.113.223.1384.5779.,2020-02-27 07:44:16,984
деревня Порошкино,,,.113.231.2.,2020-02-27 07:45:37,985
село Большие Чапурники,,,.113.225.1511.24.,2020-02-27 07:46:01,986
Данков,,,.113.230.1890.1892.,2020-02-27 07:47:23,987
Тахтамукайский р-н,,,.113.224.1422.2954.,2020-02-27 07:49:03,988
г Череповец,,,.113.229.1739.1753.,2020-02-27 07:49:03,989
г Алексин,,,.113.230.1913.1914.,2020-02-27 07:49:04,990
Мценск,,,.113.230.1898.1903.,2020-02-27 07:49:12,991
село Покровское,,,.113.225.1530.4545.,2020-02-27 07:49:16,992
посёлок Строитель,,,.113.230.1905.87.,2020-02-27 07:50:29,993
станица Каневская,,,.113.224.1438.1458.,2020-02-27 07:51:16,994
Трасса М-10 "Москва-Санкт-Петербург" 165 КМ Тверская обл.,,,.113.229.1783.89.,2020-02-27 07:51:45,995
г.Химки,,,.113.232.2019.141.2077.,2020-02-27 07:53:04,996
деревня Ямская,,,.113.232.2019.143.2040.,2020-02-27 07:53:46,997
посёлок городского типа Деденево,,,.113.232.2019.141.2023.,2020-02-27 07:54:08,998
Беломорская,,,.113.232.1.,2020-02-27 07:54:20,999
городской округ Подольск,,,.113.232.2019.142.2061.,2020-02-27 07:55:06,1000
деревня Бараки,,,.113.229.1716.23.,2020-02-27 07:57:10,1001
Семеновская,,,.113.232.1.,2020-02-27 07:57:37,1002
г. Туапсе,,,.113.224.1438.1460.,2020-02-27 07:58:43,1003
Кудымкар,,,.113.223.1317.1328.,2020-02-27 07:58:54,1004
г Мурманск,,,.113.231.1061.64.,2020-02-27 07:59:33,1005
г Домодедово,,,.113.232.2019.142.2025.,2020-02-27 07:59:34,1006
г Россошь,,,.113.230.1844.1856.,2020-02-27 07:59:35,1007
Чернушка,,,.113.223.1317.1340.,2020-02-27 07:59:45,1008
Лысьва,,,.113.223.1317.1330.,2020-02-27 07:59:51,1009
Панфиловская,,,.113.232.1.,2020-02-27 08:01:04,1010
Короча,,,.113.230.1817.1823.,2020-02-27 08:01:22,1011
хутор Нижнетемерницкий,,,.113.225.1530.76.,2020-02-27 08:02:44,1012
деревня Соколово,,,.113.232.2019.141.2041.,2020-02-27 08:03:07,1013
Снежинск,,,.113.223.1384.1407.,2020-02-27 08:05:29,1014
г. Гатчина,,,.113.231.2.,2020-02-27 08:05:58,1015
Туймазы,,,.113.223.1347.1365.,2020-02-27 08:07:28,1016
Кызыл,,,.113.221.1169.91.,2020-02-27 08:07:32,1017
г Туймазы,,,.113.223.1347.1365.,2020-02-27 08:07:44,1018
посёлок Левашово,,,.113.231.2.,2020-02-27 08:08:26,1019
Озерки,,,.113.231.2.,2020-02-27 08:08:37,1020
деревня Ярлыково,,,.113.232.2019.142.2075.,2020-02-27 08:09:08,1021
москва,,,.113.232.1.,2020-02-27 08:09:42,1022
деревня Перикса,,,.113.230.1905.87.,2020-02-27 08:10:11,1023
г Наро-Фоминск,,,.113.232.2019.143.4600.,2020-02-27 08:10:12,1024
Рассказовка,,,.113.232.1.,2020-02-27 08:10:48,1025
станица Полтавская,,,.113.224.1438.3288.,2020-02-27 08:11:14,1026
посёлок Сосново,,,.113.231.2.,2020-02-27 08:14:20,1027
Владимирская,,,.113.231.2.,2020-02-27 08:15:06,1028
Перово,,,.113.232.1.,2020-02-27 08:15:07,1029
Суздаль,,,.113.229.1716.1737.,2020-02-27 08:17:05,1030
Троицк,,,.113.232.2019.142.2095.,2020-02-27 08:17:58,1031
поселок Беликово,,,.113.232.2019.141.2069.,2020-02-27 08:18:05,1032
посёлок Новая Адыгея,,,.113.224.1438.53.,2020-02-27 08:18:54,1033
Людиново,,,.113.230.1859.1870.,2020-02-27 08:19:43,1034
поселок Песочный,,,.113.231.2.,2020-02-27 08:19:47,1035
Новоуральск,,,.113.223.1261.1295.,2020-02-27 08:19:55,1036
Саяногорск,,,.113.221.1187.1191.,2020-02-27 08:21:35,1037
Бажовская,,,.113.223.1261.3.,2020-02-27 08:22:23,1038
Рамонский район,,,.113.230.1844.26.,2020-02-27 08:22:36,1039
г Козьмодемьянск,,,.113.227.1620.1623.,2020-02-27 08:22:47,1040
поселок городского типа Краснообск,,,.113.222.1202.4.,2020-02-27 08:23:04,1041
село Жестылево,,,.113.232.2019.141.2023.,2020-02-27 08:25:20,1042
Волоколамский район,,,.113.232.2019.143.2021.,2020-02-27 08:25:39,1043
деревня Новинки,,,.113.232.2019.143.3734.,2020-02-27 08:28:04,1044
Ленинградская обл. Всеволожский р-н,,,.113.231.2.,2020-02-27 08:28:40,1045
деревня Чёрная Грязь,,,.113.232.2019.141.2077.,2020-02-27 08:28:48,1046
Китай-город,,,.113.232.1.,2020-02-27 08:34:31,1047
Орел,,,.113.230.1898.69.,2020-02-27 08:35:57,1048
г Йошкар-Ола,,,.113.227.1620.61.,2020-02-27 08:36:02,1049
г Пушкино,,,.113.232.2019.141.2062.,2020-02-27 08:36:02,1050
г Казань,,,.113.227.1624.88.,2020-02-27 08:36:04,1051
г Ефремов,,,.113.230.1913.1920.,2020-02-27 08:36:04,1052
г Щекино,,,.113.230.1913.1930.,2020-02-27 08:36:06,1053
Одинцовский р-н,,,.113.232.2019.143.4627.,2020-02-27 08:36:08,1054
Ухта,,,.113.231.1041.1050.,2020-02-27 08:36:42,1055
город Новосибирск,,,.113.222.1202.4.,2020-02-27 08:37:14,1056
г.Киров,,,.113.228.1661.49.,2020-02-27 08:37:25,1057
Каспийск,,,.113.224.1424.1429.,2020-02-27 08:37:39,1058
Лимассол,,,.113.232.1.,2020-02-27 08:37:47,1059
Петровский парк,,,.113.232.1.,2020-02-27 08:38:36,1060
поселок Ерзовка,,,.113.225.1511.24.,2020-02-27 08:38:40,1061
Сатпаев,,,.40.184.,2020-02-27 08:38:49,1062
рабочий посёлок Ржавки,,,.113.232.2019.141.2074.,2020-02-27 08:39:15,1063
Сосновоборск,,,.113.221.1146.1154.,2020-02-27 08:39:44,1064
посёлок городского типа Зауральский,,,.113.223.1384.1412.,2020-02-27 08:40:27,1065
Обь,,,.113.222.1202.4.,2020-02-27 08:41:28,1066
Семёнов,,,.113.228.1679.1699.,2020-02-27 08:41:38,1067
Богданович,,,.113.223.1261.1267.,2020-02-27 08:43:11,1068
Туапсе,,,.113.224.1438.1460.,2020-02-27 08:43:20,1069
посёлок городского типа Томилино,,,.113.232.1.,2020-02-27 08:43:52,1070
город Саранск,,,.113.226.1556.63.,2020-02-27 08:45:05,1071
Ейск,,,.113.224.1438.1447.,2020-02-27 08:45:08,1072
Строгино,,,.113.232.1.,2020-02-27 08:46:39,1073
город Красногорск,,,.113.232.2019.143.2034.,2020-02-27 08:47:05,1074
станица Новощербиновская,,,.113.224.1438.3434.,2020-02-27 08:48:13,1075
г.Екатеринбург ул.Белинского 32,,,.113.223.1261.3.,2020-02-27 08:49:10,1076
рп Нахабино,,,.113.232.2019.143.2634.,2020-02-27 08:49:45,1077
г Смоленск,,,.113.231.1103.83.,2020-02-27 08:49:47,1078
г Щигры,,,.113.230.1880.1889.,2020-02-27 08:49:48,1079
поселок городского типа Васильевский Мох,,,.113.229.1783.89.,2020-02-27 08:51:25,1080
посёлок Новониколаевский,,,.113.227.1624.88.,2020-02-27 08:52:41,1081
город Чебоксары,,,.113.227.1652.107.,2020-02-27 08:53:02,1082
Чехов,,,.113.232.2019.142.2078.,2020-02-27 08:53:21,1083
хутор Павловский,,,.113.224.1438.1450.,2020-02-27 08:54:06,1084
посёлок городского типа Троицко-Печорск,,,.113.231.1041.5364.,2020-02-27 08:55:52,1085
посёлок городского типа Аксубаево,,,.113.227.1624.4168.,2020-02-27 08:57:22,1086
Ломоносовский район,,,.113.231.2.,2020-02-27 08:57:24,1087
Вязьма,,,.113.231.1103.1105.,2020-02-27 08:57:44,1088
поселок Прохладный,,,.113.223.1261.3.,2020-02-27 08:57:50,1089
село Тюлячи,,,.113.227.1624.4187.,2020-02-27 08:59:02,1090
Солнечногорск,,,.113.232.2019.141.2074.,2020-02-27 08:59:13,1091
Лыткарино,,,.113.232.2019.144.2093.,2020-02-27 08:59:29,1092
г Сасово,,,.113.228.1704.1711.,2020-02-27 09:00:14,1093
Воскресенск,,,.113.232.2019.142.2022.,2020-02-27 09:02:25,1094
населённый пункт Остановочная Платформа 3307 километр,,,.113.222.1202.4.,2020-02-27 09:02:28,1095
посёлок Дубровка,,,.113.227.1624.88.,2020-02-27 09:03:05,1096
Гатово,,,.16.2235.2280.,2020-02-27 09:03:24,1097
Большой Камень,,,.113.220.1948.1951.,2020-02-27 09:03:28,1098
г,,,.113.224.1438.53.,2020-02-27 09:04:14,1099
село Русская Борковка,,,.113.226.1586.212.,2020-02-27 09:04:25,1100
Маршала Покрышкина,,,.113.222.1202.4.,2020-02-27 09:05:13,1101
Угрешская,,,.113.232.1.,2020-02-27 09:05:17,1102
ул. 50-летия Ростсельмаша 2-6/22 (б/ц Альфа,,,.113.224.1438.1449.,2020-02-27 09:09:14,1103
Тверь проезд Мелиораторов 3Б,,,.113.229.1783.89.,2020-02-27 09:10:38,1104
город Курск,,,.113.230.1880.56.,2020-02-27 09:10:49,1105
г Сургут,,,.113.223.1368.1381.,2020-02-27 09:12:47,1106
станция Орловка,,,.113.225.1511.24.,2020-02-27 09:12:58,1107
городской округ Норильск,,,.113.221.1146.246.,2020-02-27 09:13:40,1108
Кызылорда,,,.40.174.,2020-02-27 09:17:13,1109
деревня Песьянка,,,.113.223.1317.72.,2020-02-27 09:17:19,1110
Рубцовск,,,.113.222.1217.1226.,2020-02-27 09:17:56,1111
деревня Федоровка,,,.113.223.1384.104.,2020-02-27 09:18:17,1112
посёлок Есаульский,,,.113.223.1384.104.,2020-02-27 09:19:15,1113
село Акмол,,,.40.159.,2020-02-27 09:20:02,1114
поселок Отеген батыр,,,.40.160.,2020-02-27 09:21:58,1115
поселок Солонцы,,,.113.221.1146.54.,2020-02-27 09:22:43,1116
Усть-Илимск,,,.113.221.1124.1142.,2020-02-27 09:25:14,1117
г Чапаевск,,,.113.226.1586.1595.,2020-02-27 09:26:08,1118
г Новокуйбышевск,,,.113.226.1586.1590.,2020-02-27 09:26:08,1119
Бобруйск,,,.16.2238.2334.,2020-02-27 09:26:27,1120
г Сальск,,,.113.225.1530.1548.,2020-02-27 09:27:02,1121
г Пролетарск,,,.113.225.1530.1547.,2020-02-27 09:27:02,1122
Гражданская,,,.113.232.1.,2020-02-27 09:27:17,1123
Площадь Победы,,,.16.1002.,2020-02-27 09:28:32,1124
г Хадыженск,,,.113.224.1438.1462.,2020-02-27 09:33:56,1125
г Майкоп,,,.113.224.1422.8.,2020-02-27 09:33:57,1126
г Серпухов,,,.113.232.2019.142.2073.,2020-02-27 09:33:58,1127
г Ступино,,,.113.232.2019.142.2075.,2020-02-27 09:33:59,1128
село Узуново,,,.113.232.2019.3049.,2020-02-27 09:33:59,1129
мкр Климовск,,,.113.232.2019.142.2060.,2020-02-27 09:34:00,1130
массив 40 км Выборгского шоссе Юкки,,,.113.231.145.1990.,2020-02-27 09:34:03,1131
Базарно-Карабулакский р-н,,,.113.226.1596.2707.,2020-02-27 09:34:06,1132
Кавказский р-н,,,.113.224.1438.3276.,2020-02-27 09:34:07,1133
г Орёл,,,.113.230.1898.69.,2020-02-27 09:34:09,1134
Сморгонь,,,.16.2236.2308.,2020-02-27 09:34:32,1135
село Татарка,,,.113.224.1481.84.,2020-02-27 09:34:42,1136
Почеп,,,.113.230.1828.1836.,2020-02-27 09:35:22,1137
Сосногорск,,,.113.231.1041.1048.,2020-02-27 09:35:38,1138
деревня Котово,,,.113.231.1090.75.,2020-02-27 09:37:03,1139
Оренбургская область,,,.113.226.1563.70.,2020-02-27 09:38:18,1140
Moscow,,,.113.232.1.,2020-02-27 09:38:46,1141
деревня Сахарово,,,.113.232.2019.142.2061.,2020-02-27 09:39:33,1142
Советская,,,.113.226.1586.78.,2020-02-27 09:41:24,1143
М.О. г. Химки,,,.113.232.1.,2020-02-27 09:43:05,1144
Рабочий Посёлок,,,.113.232.1.,2020-02-27 09:43:32,1145
Лермонтов,,,.113.224.1481.1491.,2020-02-27 09:43:58,1146
село Усады,,,.113.227.1624.88.,2020-02-27 09:44:00,1147
Российская,,,.113.226.1586.78.,2020-02-27 09:44:22,1148
Партизанская,,,.113.232.1.,2020-02-27 09:44:25,1149
дачный посёлок Снегири,,,.113.232.2019.143.6336.,2020-02-27 09:44:26,1150
Минеральные Воды,,,.113.224.1481.1484.,2020-02-27 09:45:22,1151
поселок Подольской машинно-испытательной станции,,,.113.232.1.,2020-02-27 09:46:07,1152
Проспект Мира,,,.113.232.1.,2020-02-27 09:46:41,1153
деревня Зараменье,,,.113.232.2019.141.2032.,2020-02-27 09:47:03,1154
поселок Дубовляны,,,.16.1002.,2020-02-27 09:48:36,1155
Балабаново,,,.113.230.1859.1871.,2020-02-27 09:49:40,1156
поселок Шушары,,,.113.231.145.2507.,2020-02-27 09:51:10,1157
Черкизовская,,,.113.232.1.,2020-02-27 09:51:29,1158
Новочебоксарск,,,.113.227.1652.1657.,2020-02-27 09:53:17,1159
Верхний Уфалей,,,.113.223.1384.1388.,2020-02-27 09:53:21,1160
поселок городского типа Обухово,,,.113.232.2019.144.5116.,2020-02-27 09:55:35,1161
село Хрущевка,,,.113.230.1890.58.,2020-02-27 09:55:38,1162
Правдинск,,,.113.231.1020.1035.,2020-02-27 09:58:26,1163
Olympia Park Business Center,,,.113.232.1.,2020-02-27 09:58:31,1164
Зорге,,,.113.232.1.,2020-02-27 10:01:48,1165
г.Воронеж ул. Изыскателей д.23 (австосалон KIA),,,.113.230.1844.26.,2020-02-27 10:02:07,1166
село Ново-Талицы,,,.113.229.1754.32.,2020-02-27 10:03:05,1167
Тавда,,,.113.223.1261.1305.,2020-02-27 10:04:08,1168
Санкт- Петербург,,,.113.231.2.,2020-02-27 10:06:17,1169
посёлок Белозёрный,,,.113.224.1438.53.,2020-02-27 10:06:30,1170
Новосибирская область,,,.113.222.1202.4.,2020-02-27 10:06:31,1171
Проспект Космонавтов,,,.113.223.1261.3.,2020-02-27 10:07:31,1172
г Тюмень,,,.113.223.1342.95.,2020-02-27 10:07:32,1173
г Санкт-Петербург,,,.113.231.2.,2020-02-27 10:07:58,1174
рабочий посёлок Октябрьский,,,.113.232.2019.144.2633.,2020-02-27 10:11:19,1175
село Бабяково,,,.113.230.1844.26.,2020-02-27 10:17:00,1176
г Альметьевск,,,.113.227.1624.1627.,2020-02-27 10:19:18,1177
Саки,,,.113.225.2114.2385.,2020-02-27 10:20:24,1178
Новорижское шоссе,,,.113.232.1.,2020-02-27 10:21:18,1179
поселок Дубровский,,,.113.232.1.,2020-02-27 10:22:02,1180
Дубравная,,,.113.227.1624.88.,2020-02-27 10:23:56,1181
г.Пермь,,,.113.223.1317.72.,2020-02-27 10:25:55,1182
г Кувандык,,,.113.226.1563.1568.,2020-02-27 10:26:19,1183
Алушта,,,.113.225.2114.2381.,2020-02-27 10:26:44,1184
деревня Николо-Хованское,,,.113.232.1.,2020-02-27 10:28:36,1185
деревня Сосенки,,,.113.232.1.,2020-02-27 10:29:13,1186
Крымск,,,.113.224.1438.1450.,2020-02-27 10:31:10,1187
Азнакаево,,,.113.227.1624.1626.,2020-02-27 10:32:02,1188
г Ярославль,,,.113.229.1806.112.,2020-02-27 10:33:36,1189
Бодайбо,,,.113.221.1192.2399.,2020-02-27 10:35:16,1190
поселок Металлострой,,,.113.231.2.,2020-02-27 10:38:34,1191
станица Северская,,,.113.224.1438.2658.,2020-02-27 10:42:23,1192
село Горенка,,,.5.115.,2020-02-27 10:42:43,1193
Новосибирск  ул. Галущака,,,.113.222.1202.4.,2020-02-27 10:43:10,1194
Победа,,,.113.226.1586.78.,2020-02-27 10:48:21,1195
Волоколамский р-н,,,.113.232.2019.143.2021.,2020-02-27 10:48:22,1196
посёлок Внуково,,,.113.232.1.,2020-02-27 10:48:52,1197
ул.Тимирязева,,,.16.1002.,2020-02-27 10:49:29,1198
село Верхнерусское,,,.113.224.1481.84.,2020-02-27 10:50:10,1199
г. Уфа,,,.113.223.1347.99.,2020-02-27 10:50:43,1200
село Ям,,,.113.232.2019.142.2025.,2020-02-27 10:51:28,1201
Коломенский городской округ,,,.113.232.2019.142.2033.,2020-02-27 10:52:27,1202
посёлок городского типа Екатериновка,,,.113.226.1596.6193.,2020-02-27 10:53:12,1203
Златоуст,,,.113.223.1384.1390.,2020-02-27 10:54:56,1204
Днепр,,,.5.2126.117.,2020-02-27 10:55:18,1205
Актау,,,.40.152.,2020-02-27 10:56:05,1206
Київ,,,.5.115.,2020-02-27 10:56:42,1207
село Панфилово,,,.40.3048.,2020-02-27 10:59:11,1208
село Култаево,,,.113.223.1317.5833.,2020-02-27 10:59:31,1209
Бурнаковская,,,.113.228.1679.66.,2020-02-27 11:00:49,1210
хутор Новоалександровка,,,.113.225.1530.1531.,2020-02-27 11:03:46,1211
г Камызяк,,,.113.225.1505.1508.,2020-02-27 11:04:40,1212
Кировская,,,.113.228.1679.66.,2020-02-27 11:04:41,1213
Ахтубинский р-н,,,.113.225.1505.1507.,2020-02-27 11:04:43,1214
Первомайская,,,.16.1002.,2020-02-27 11:04:45,1215
г. Казань,,,.113.227.1624.88.,2020-02-27 11:04:47,1216
г Дзержинск,,,.113.223.1261.1287.,2020-02-27 11:04:48,1217
деревня Пикино,,,.113.232.2019.141.2088.,2020-02-27 11:05:22,1218
Площадь Гарина-Михайловского,,,.113.222.1202.4.,2020-02-27 11:05:43,1219
Петропавловск,,,.40.180.,2020-02-27 11:07:00,1220
посёлок городского типа Джубга,,,.113.224.1438.3272.,2020-02-27 11:07:21,1221
Правдинский городской округ,,,.113.231.1020.41.,2020-02-27 11:08:50,1222
Дорогожичи,,,.5.115.,2020-02-27 11:14:00,1223
Новые Черемушки,,,.113.232.1.,2020-02-27 11:14:29,1224
Луховицы,,,.113.232.2019.144.2037.,2020-02-27 11:15:13,1225
село Аскиз,,,.113.221.1187.6288.,2020-02-27 11:16:39,1226
Коломяжский пр. 33,,,.113.231.2.,2020-02-27 11:16:44,1227
Будённовск,,,.113.224.1481.1483.,2020-02-27 11:17:39,1228
Приволжский р-н,,,.113.225.1505.5345.,2020-02-27 11:18:05,1229
Шелепиха,,,.113.232.1.,2020-02-27 11:19:37,1230
г Егорьевск,,,.113.232.2019.142.2026.,2020-02-27 11:21:09,1231
г Новоалтайск,,,.113.222.1217.1225.,2020-02-27 11:21:10,1232
Шипуновский р-н,,,.113.222.1217.3669.,2020-02-27 11:21:12,1233
г Великие Луки,,,.113.231.1090.1091.,2020-02-27 11:21:17,1234
Климовск,,,.113.226.1586.78.,2020-02-27 11:21:59,1235
село Абрау-Дюрсо,,,.113.224.1438.1454.,2020-02-27 11:22:47,1236
Берестейская,,,.5.115.,2020-02-27 11:22:59,1237
г.Екатеринбург ул.40 лет Комсомола 1а,,,.113.223.1261.1291.,2020-02-27 11:24:50,1238
деревня Казанцево,,,.113.223.1384.104.,2020-02-27 11:29:22,1239
г. Киров,,,.113.228.1661.49.,2020-02-27 11:29:38,1240
г.Москва,,,.113.232.1.,2020-02-27 11:29:42,1241
Гостиный двор,,,.113.231.2.,2020-02-27 11:31:40,1242
Качканар,,,.113.231.1008.14.,2020-02-27 11:32:36,1243
г Балахна,,,.113.228.1679.1680.,2020-02-27 11:33:40,1244
г Городец,,,.113.228.1679.1688.,2020-02-27 11:33:41,1245
г Омск,,,.113.222.1249.68.,2020-02-27 11:33:42,1246
рп Варнавино,,,.113.228.1679.4392.,2020-02-27 11:33:44,1247
Краснобаковский р-н,,,.113.228.1679.4408.,2020-02-27 11:33:45,1248
пос. Новинки,,,.113.228.1679.66.,2020-02-27 11:34:35,1249
поселок городского типа Многовершинный,,,.113.220.1975.1980.,2020-02-27 11:36:08,1250
Курск Красная площадь д.8,,,.113.230.1880.56.,2020-02-27 11:36:35,1251
поселок Молодежный,,,.113.227.1652.1658.,2020-02-27 11:38:42,1252
Северск,,,.113.222.1255.1259.,2020-02-27 11:38:44,1253
посёлок Берёзовка,,,.113.227.1624.88.,2020-02-27 11:38:56,1254
Амурск,,,.113.220.1975.1976.,2020-02-27 11:40:46,1255
поселок Плодородный,,,.113.224.1438.53.,2020-02-27 11:41:41,1256
село Городня,,,.113.229.1783.6063.,2020-02-27 11:41:49,1257
Сорочинск,,,.113.226.1563.1573.,2020-02-27 11:41:53,1258
Славгород,,,.113.222.1217.1227.,2020-02-27 11:42:04,1259
посёлок городского типа Чегдомын,,,.113.220.1975.5275.,2020-02-27 11:43:04,1260
село Подгорное,,,.113.230.1890.58.,2020-02-27 11:43:24,1261
Алейск,,,.113.222.1217.1218.,2020-02-27 11:44:11,1262
село Горный Хутор,,,.113.220.1948.5262.,2020-02-27 11:45:43,1263
село Копорье,,,.113.231.145.1987.,2020-02-27 11:46:37,1264
поселок Сосновка,,,.16.1007.,2020-02-27 11:47:20,1265
Новотроицк,,,.113.226.1563.1570.,2020-02-27 11:47:29,1266
станица Тбилисская,,,.113.224.1438.2694.,2020-02-27 11:48:09,1267
г Каменск-Уральский,,,.113.223.1261.1278.,2020-02-27 11:49:49,1268
г Магнитогорск,,,.113.223.1384.1399.,2020-02-27 11:49:49,1269
г Усолье,,,.113.223.1317.1336.,2020-02-27 11:49:50,1270
г Губаха,,,.113.223.1317.1323.,2020-02-27 11:49:50,1271
Находка,,,.113.220.1948.1955.,2020-02-27 11:49:51,1272
Краснослободск,,,.113.226.1556.1560.,2020-02-27 11:52:11,1273
Елабужский район,,,.113.227.1624.1633.,2020-02-27 11:52:23,1274
Темиртау,,,.40.190.,2020-02-27 11:54:09,1275
Жигулёвск,,,.113.226.1586.1587.,2020-02-27 11:55:54,1276
Мыски,,,.113.222.1229.1239.,2020-02-27 11:56:28,1277
Таштагол,,,.113.222.1229.1246.,2020-02-27 11:56:36,1278
посёлок Совхозный,,,.113.223.1261.3.,2020-02-27 12:00:26,1279
Топки,,,.113.222.1229.1247.,2020-02-27 12:03:25,1280
село Алехино,,,.113.221.1124.1144.,2020-02-27 12:03:44,1281
поселок городского типа Карымское,,,.113.221.1192.106.,2020-02-27 12:04:04,1282
Жуковский,,,.113.232.2019.144.2064.,2020-02-27 12:10:27,1283
деревня Суханово,,,.113.232.2019.142.2029.,2020-02-27 12:10:37,1284
деревня Тарасово,,,.16.1002.,2020-02-27 12:13:43,1285
г Электросталь,,,.113.232.2019.144.2098.,2020-02-27 12:14:45,1286
деревня Обухово,,,.113.232.2019.141.2074.,2020-02-27 12:17:17,1287
г Коломна,,,.113.232.2019.142.2033.,2020-02-27 12:19:04,1288
село Немчиновка,,,.113.232.1.,2020-02-27 12:22:14,1289
рабочий посёлок Томилино,,,.113.232.2019.3727.,2020-02-27 12:24:42,1290
г Орск,,,.113.226.1563.1571.,2020-02-27 12:25:17,1291
деревня Абрамцево,,,.113.232.2019.141.2023.,2020-02-27 12:27:19,1292
г Брянск,,,.113.230.1828.19.,2020-02-27 12:28:58,1293
Чирчик,,,.97.2787.,2020-02-27 12:32:49,1294
Жигулевск,,,.113.226.1586.212.,2020-02-27 12:35:18,1295
деревня Валищево,,,.113.232.2019.142.2025.,2020-02-27 12:36:05,1296
Прага,,,.113.232.1.,2020-02-27 12:36:39,1297
деревня Санино,,,.113.231.145.2750.,2020-02-27 12:43:56,1298
деревня Останкино,,,.113.232.2019.141.2062.,2020-02-27 12:44:49,1299
Третьяковская,,,.113.232.1.,2020-02-27 12:44:49,1300
поселок Росва (г. Калуга),,,.113.230.1859.43.,2020-02-27 12:45:59,1301
Площадь Революции,,,.113.232.1.,2020-02-27 12:46:07,1302
Лужники,,,.113.232.1.,2020-02-27 12:46:07,1303
поселок Новый,,,.113.229.1716.1737.,2020-02-27 12:46:10,1304
г.Краснодар ул.Крылатая 2,,,.113.224.1438.53.,2020-02-27 12:46:41,1305
п. Новоалексеевское,,,.113.223.1261.1289.,2020-02-27 12:49:29,1306
деревня Нурма,,,.113.231.145.5440.,2020-02-27 12:50:10,1307
город Санкт-Петербург,,,.113.231.2.,2020-02-27 12:51:09,1308
Конаково,,,.113.229.1783.1795.,2020-02-27 12:51:13,1309
посёлок Песочный,,,.113.231.2.,2020-02-27 12:51:46,1310
Республика Татарстан,,,.113.227.1624.88.,2020-02-27 12:53:09,1311
село Софьино,,,.113.232.2019.142.2063.,2020-02-27 12:53:14,1312
городской округ Город-курорт Пятигорск,,,.113.224.1481.1498.,2020-02-27 12:54:15,1313
хутор Сухая Балка,,,.113.225.1530.1535.,2020-02-27 12:59:21,1314
Верхотурье,,,.113.223.1261.1272.,2020-02-27 13:00:33,1315
село Чертовицы,,,.113.230.1844.26.,2020-02-27 13:00:50,1316
ЦСКА,,,.113.232.1.,2020-02-27 13:00:55,1317
Калининградская область,,,.113.231.1020.41.,2020-02-27 13:01:04,1318
деревня Новое Девяткино,,,.113.231.145.4151.,2020-02-27 13:03:40,1319
Свободный,,,.113.220.1932.1937.,2020-02-27 13:04:17,1320
г Павлово,,,.113.228.1679.1696.,2020-02-27 13:05:12,1321
Обухово,,,.113.231.2.,2020-02-27 13:05:22,1322
г. Минск,,,.16.1002.,2020-02-27 13:05:27,1323
Павловск,,,.113.230.1844.1854.,2020-02-27 13:07:20,1324
село Верхнеяркеево,,,.113.223.1347.3770.,2020-02-27 13:08:56,1325
село Владимировка,,,.113.224.1438.1454.,2020-02-27 13:09:30,1326
село Октябрьский,,,.113.227.1646.96.,2020-02-27 13:11:00,1327
село Караидель,,,.113.223.1347.5156.,2020-02-27 13:11:43,1328
рабочий посёлок Серебряные Пруды,,,.113.232.2019.3049.,2020-02-27 13:12:26,1329
Бирск,,,.113.223.1347.1352.,2020-02-27 13:12:38,1330
село Аскино,,,.113.223.1347.5153.,2020-02-27 13:14:02,1331
Агидель,,,.113.223.1347.1348.,2020-02-27 13:14:52,1332
Дроздово,,,.16.1002.,2020-02-27 13:16:51,1333
ЗИЛ,,,.113.232.1.,2020-02-27 13:17:41,1334
г Самара,,,.113.226.1586.78.,2020-02-27 13:18:00,1335
г Нижнекамск,,,.113.227.1624.1642.,2020-02-27 13:18:01,1336
Дмитровская,,,.113.232.1.,2020-02-27 13:18:17,1337
поселок городского типа Горки Ленинские,,,.113.232.2019.142.2035.,2020-02-27 13:18:29,1338
Пыть-Ях,,,.113.223.1368.1378.,2020-02-27 13:22:40,1339
поселок городского типа Алексеевское,,,.113.227.1624.2695.,2020-02-27 13:23:28,1340
г.Омск 10 лет Октября 195/4,,,.113.222.1249.68.,2020-02-27 13:24:35,1341
Ивантеевка,,,.113.232.2019.141.2089.,2020-02-27 13:30:53,1342
поселок Ермаково,,,.113.229.1806.112.,2020-02-27 13:31:12,1343
поселок Боралдай,,,.40.160.,2020-02-27 13:34:03,1344
Каменка,,,.113.226.1575.1579.,2020-02-27 13:34:19,1345
Челябинская область,,,.113.223.1384.104.,2020-02-27 13:35:22,1346
Валуйки,,,.113.230.1817.1820.,2020-02-27 13:35:31,1347
